entry_handle,entry_id,tax_id,n_seqs,n_pfams,tax_group,contam_pct,Amoebozoa,Ciliophora,Colpodellida,Cryptophyceae,Dinophyceae,Euglenozoa,Glaucocystophyceae,Haptophyta,Heterolobosea,Opisthokonta,Palpitomonas,Perkinsozoa,Rhizaria,Rhodophyta,Stramenopiles,Viridiplantae,Bacteria,Archaea,Viruses,Other,Unknown
1_Minidiscus_spinulatus,1,2593073,194,47,Stramenopiles,1.4,0,0,0,0,0,0,0,0,0,0,0,0,0,0,141,0,2,0,0,0,0
2_Minidiscus_variabilis,2,659878,247,57,Stramenopiles,0.56,0,0,0,0,0,0,0,0,0,1,0,0,0,0,176,0,0,0,0,0,0
3_Minidiscus_comicus,3,2590921,193,50,Stramenopiles,0,0,0,0,0,0,0,0,0,0,0,0,0,0,0,131,0,0,0,0,0,0
4_Thalassiosira_sp_RCC4219,4,2303173,175,45,Stramenopiles,0.9,0,0,0,0,0,0,0,0,0,0,0,0,0,0,110,0,1,0,0,0,0
5_Thalassiosira_minima,5,340022,175,42,Stramenopiles,1.75,0,0,0,0,0,0,0,0,0,0,0,0,0,0,112,0,2,0,0,0,0
6_Minidiscus_sp_RCC4590,6,1960173,329,56,Stramenopiles,21.11,0,0,0,0,0,0,0,0,0,2,0,0,0,0,142,0,36,0,0,0,0
7_Minidiscus_sp_RCC4582,7,1960170,281,54,Stramenopiles,12.86,0,0,0,0,1,0,0,0,0,1,0,0,0,0,122,0,16,0,0,0,0
8_Thalassiosira_sp_RCC4606,8,1960195,254,42,Stramenopiles,13.95,0,0,0,0,0,0,0,0,0,1,0,0,0,0,111,0,17,0,0,0,0
9_Thalassiosira_minima,9,340022,248,44,Stramenopiles,10.09,0,0,0,0,0,0,0,0,0,0,0,0,0,0,98,0,11,0,0,0,0
10_Minidiscus_sp_RCC4584,10,1960171,216,53,Stramenopiles,1.52,0,0,0,0,0,0,0,0,0,0,0,0,0,0,130,0,2,0,0,0,0
11_Stramenopiles_sp_TOSAG41-2,11,1735746,63,34,Stramenopiles,0,0,0,0,0,0,0,0,0,0,0,0,0,0,0,3,0,0,0,0,0,0
12_Stramenopiles_sp_TOSAG23-6,12,1735747,52,29,Stramenopiles,0,0,0,0,0,0,0,0,0,0,0,0,0,0,0,1,0,0,0,0,0,0
13_Stramenopiles_sp_TOSAG23-1,13,1735742,71,45,Stramenopiles,66.67,0,0,0,0,0,0,0,0,0,0,0,0,0,0,2,3,0,0,0,0,1
14_Stramenopiles_sp_TOSAG23-2,14,1735743,66,40,Stramenopiles,25,0,0,0,0,0,0,0,0,0,0,0,0,0,0,3,1,0,0,0,0,0
15_Stramenopiles_sp_TOSAG41-1,15,1735744,79,40,Stramenopiles,20,0,0,0,0,0,0,0,0,0,0,0,0,0,0,4,1,0,0,0,0,0
16_Stramenopiles_sp_TOSAG23-3,16,1735745,65,46,Stramenopiles,0,0,0,0,0,0,0,0,0,0,0,0,0,0,0,3,0,0,0,0,0,0
17_Chrysophyceae_sp_TOSAG23-4,17,1735748,53,34,Stramenopiles,11.11,0,0,0,0,0,0,0,0,0,0,0,0,0,0,8,0,0,1,0,0,0
18_Chrysophyceae_sp_TOSAG23-5,18,1735749,35,25,Stramenopiles,40,0,0,0,0,0,0,0,1,0,0,0,0,0,0,3,0,0,1,0,0,0
19_Calanus_finmarchicus,19,6837,498,62,Opisthokonta,45.07,0,29,0,26,7,9,0,3,0,117,0,0,4,0,15,0,1,0,0,0,2
20_Calanus_glacialis,20,113644,155,43,Opisthokonta,1.27,0,0,0,0,0,0,0,0,0,78,0,0,0,0,0,0,0,0,0,0,1
21_Neocalanus_flemingeri,21,119369,195,53,Opisthokonta,3.05,0,0,0,0,0,2,0,1,0,127,0,0,0,0,0,0,0,0,0,0,1
22_Acartia_tonsa,22,136180,161,52,Opisthokonta,0,0,0,0,0,0,0,0,0,0,103,0,0,0,0,0,0,0,0,0,0,0
23_Eurytemora_affinis,23,88015,123,36,Opisthokonta,1.2,0,0,0,0,0,0,0,0,0,82,0,0,0,0,0,0,0,0,0,0,1
24_Labidocera_madurae,24,1501138,321,63,Opisthokonta,15.07,0,0,0,0,0,16,0,0,0,124,0,0,0,0,0,0,0,0,0,0,6
25_Tigriopus_californicus,25,6832,8,6,Opisthokonta,0,0,0,0,0,0,0,0,0,0,6,0,0,0,0,0,0,0,0,0,0,0
26_Tigriopus_kingsejongensis,26,1133412,152,56,Opisthokonta,9.46,0,3,0,0,0,1,0,0,0,67,0,0,0,0,0,3,0,0,0,0,0
27_Tigriopus_japonicus,27,158387,103,42,Opisthokonta,1.39,0,0,0,0,1,0,0,0,0,71,0,0,0,0,0,0,0,0,0,0,0
28_Paracyclopina_nana,28,565004,64,35,Opisthokonta,2.56,0,0,0,0,0,0,0,0,0,38,0,0,0,0,1,0,0,0,0,0,0
29_Eucyclops_serrulatus,29,84317,398,62,Opisthokonta,36.32,0,0,0,0,1,21,0,6,44,135,0,0,0,0,3,0,0,0,0,0,2
30_Lepeophtheirus_salmonis,30,72036,101,56,Opisthokonta,0,0,0,0,0,0,0,0,0,0,77,0,0,0,0,0,0,0,0,0,0,0
31_Caligus_rogercresseyi,31,217165,966,63,Opisthokonta,56.39,13,47,0,0,30,18,0,7,0,140,0,0,2,0,42,7,12,0,0,0,3
32_Pleuromamma_xiphias,32,503034,367,61,Opisthokonta,3.66,0,0,0,0,0,0,0,0,0,158,0,0,0,0,0,0,0,0,0,0,6
33_Nitzschia_sp_Nitz4,33,2041349,115,49,Stramenopiles,0,0,0,0,0,0,0,0,0,0,0,0,0,0,0,81,0,0,0,0,0,0
34_Phaeocystis_globosa,34,33658,131,50,Haptophyta,44.19,0,0,0,1,0,0,0,24,0,4,0,6,1,0,2,1,1,0,0,0,3
35_Ankylochrysis_sp_RCC2491,35,1764641,198,50,Stramenopiles,6.36,0,0,0,0,0,0,0,0,0,2,0,0,0,0,103,0,2,0,0,0,3
36_Aureococcus_anophagefferens,36,44056,105,38,Stramenopiles,13.73,0,0,0,0,0,0,0,1,0,0,0,0,0,0,44,0,6,0,0,0,0
37_Bigelowiella_natans,37,227086,579,63,Rhizaria,3.58,0,0,0,0,0,0,0,1,0,1,0,0,377,0,6,2,0,0,0,0,4
38_Bigelowiella_sp_RCC560,38,1764863,549,62,Rhizaria,4.29,0,0,0,0,0,0,0,2,0,1,0,0,335,0,6,1,0,2,0,0,3
39_Pelagomonas_calceolata,39,35677,221,53,Stramenopiles,11.43,0,0,0,0,1,0,0,10,0,0,0,0,0,0,124,3,0,0,0,0,2
40_Chloroparvula_sp_RCC696,40,2565275,233,61,Viridiplantae,76.83,22,0,0,0,0,0,0,18,0,1,0,0,0,0,10,19,12,0,0,0,0
41_Chloroparvula_sp_RCC999,41,464255,189,50,Viridiplantae,81.63,1,0,0,0,0,0,0,14,0,2,0,0,0,0,0,9,23,0,0,0,0
42_Chloropicon_maureeniae,42,1461542,316,61,Viridiplantae,70.16,50,0,0,0,1,0,0,5,0,5,0,0,0,0,0,37,23,2,0,0,1
43_Chloropicon_sp_CCMP2113,43,2864388,376,61,Viridiplantae,22.47,6,0,0,0,1,0,0,3,0,3,0,0,0,0,0,138,24,0,0,0,3
44_Chroodactylon_ramnosum,44,139907,417,56,Rhodophyta,63.64,0,0,0,0,2,0,0,1,0,3,0,0,40,60,1,0,57,0,0,0,1
45_Emiliania_huxleyi,45,2903,240,55,Haptophyta,16.67,7,5,0,0,0,0,0,90,0,2,0,0,0,0,0,2,1,0,0,0,1
46_Emiliania_huxleyi,46,2903,130,46,Haptophyta,5.71,1,1,0,0,0,0,0,66,0,2,0,0,0,0,0,0,0,0,0,0,0
47_Emiliania_huxleyi,47,2903,173,48,Haptophyta,11.36,0,1,0,0,0,0,0,78,0,0,0,0,0,0,0,0,9,0,0,0,0
48_Pelagomonas_calceolata,48,35677,236,51,Stramenopiles,1.79,0,0,0,0,0,0,0,1,0,0,0,0,0,0,165,0,2,0,0,0,0
49_Gephyrocapsa_muellerae,49,1663125,170,44,Haptophyta,10.84,2,3,0,0,0,0,0,74,0,1,0,0,0,0,0,2,1,0,0,0,0
50_Pelagomonas_calceolata,50,35677,183,49,Stramenopiles,13.6,0,0,0,0,0,0,0,5,0,0,0,0,0,0,108,0,11,0,0,0,1
51_Glossomastix_chrysoplasta,51,172669,77,33,Stramenopiles,19.23,0,0,0,0,0,0,0,0,0,0,0,0,0,0,21,0,1,1,0,0,3
52_Guinardia_flaccida,52,216801,239,62,Stramenopiles,0,0,0,0,0,0,0,0,0,0,0,0,0,0,0,156,0,0,0,0,0,0
53_Naviculales_sp_RCC2677,53,1764899,269,59,Stramenopiles,0,0,0,0,0,0,0,0,0,0,0,0,0,0,0,195,0,0,0,0,0,0
54_Mesopedinella_arctica,54,296676,422,61,Stramenopiles,35.09,0,0,0,0,0,0,0,5,0,0,0,0,22,0,111,0,32,1,0,0,0
55_Micromonas_commoda,55,1606511,445,58,Viridiplantae,48.39,12,0,0,0,1,0,0,13,0,5,0,0,0,0,0,96,59,0,0,0,0
56_Minidiscus_sp_RCC1721,56,2604711,221,62,Stramenopiles,0,0,0,0,0,0,0,0,0,0,0,0,0,0,0,161,0,0,0,0,0,0
57_Navicula_sp_RCC3092,57,1764896,163,49,Stramenopiles,0,0,0,0,0,0,0,0,0,0,0,0,0,0,0,112,0,0,0,0,0,0
58_Ochromonas_triangulata,58,1964564,289,63,Stramenopiles,53.93,0,0,0,0,6,0,0,16,0,0,0,0,14,2,41,0,1,8,0,0,1
59_Phaeocystis_sp_RCC908,59,464236,224,55,Haptophyta,6.48,0,0,0,0,0,0,0,101,0,1,0,0,0,1,4,0,0,1,0,0,0
60_Partenskyella_glossopodia,60,552666,508,62,Rhizaria,41.23,0,0,0,0,0,0,0,6,0,19,0,0,181,0,8,51,3,0,0,0,40
61_Pelagomonas_calceolata,61,35677,202,56,Stramenopiles,27.62,9,0,0,0,0,0,0,4,0,0,0,0,0,0,76,4,10,0,0,0,2
62_Pelagophyceae_sp_RCC2696,62,1764647,90,30,Stramenopiles,0,0,0,0,0,0,0,0,0,0,0,0,0,0,0,57,0,0,0,0,0,0
63_Phaeocystis_antarctica,63,33657,177,46,Haptophyta,9.09,0,0,0,1,0,0,0,90,0,0,0,0,0,1,0,0,7,0,0,0,0
64_Phaeocystis_antarctica,64,33657,249,54,Haptophyta,31.4,0,0,0,0,0,0,0,83,0,0,0,0,0,0,0,0,38,0,0,0,0
65_Phaeocystis_cordata,65,118079,136,40,Haptophyta,3.23,0,0,0,0,0,0,0,60,0,0,0,0,0,0,2,0,0,0,0,0,0
66_Phaeocystis_globosa,66,33658,279,58,Haptophyta,8.4,0,0,0,1,0,0,0,109,0,1,0,0,0,0,0,0,8,0,0,0,0
67_Phaeocystis_he001206-D2-B1,67,33658,324,63,Haptophyta,43.18,0,0,0,1,0,0,0,75,9,2,0,0,0,0,31,0,8,3,0,0,3
68_Phaeocystis_globosa,68,33658,153,48,Haptophyta,9.59,0,0,0,1,0,0,0,66,0,0,0,0,0,0,1,0,5,0,0,0,0
69_Phaeocystis_sp_RCC851,69,464232,332,58,Haptophyta,4.91,0,0,0,2,0,0,0,155,0,0,0,0,0,0,0,4,0,0,0,0,2
70_Phaeocystis_sp_RCC935,70,464238,143,48,Haptophyta,10.17,0,0,0,0,0,0,0,53,0,3,0,0,0,0,0,0,3,0,0,0,0
71_Pleurosigma_sp_RCC3090,71,1764931,209,59,Stramenopiles,0.77,0,0,0,0,0,0,0,0,0,0,0,0,0,0,129,0,0,0,0,0,1
72_Thalassiosira_bioculata,72,1048533,114,42,Stramenopiles,0,0,0,0,0,0,0,0,0,0,0,0,0,0,0,79,0,0,0,0,0,0
73_Synedra_sp_RCC2510,73,1764925,113,42,Stramenopiles,0,0,0,0,0,0,0,0,0,0,0,0,0,0,0,73,0,0,0,0,0,0
74_Triparma_pacifica,74,91992,183,51,Stramenopiles,21.43,0,0,0,0,0,0,0,0,0,0,0,0,0,0,44,0,11,0,0,0,1
75_Triparma_pacifica,75,91992,164,52,Stramenopiles,32.26,0,0,0,0,8,0,0,0,0,0,0,0,0,0,42,0,12,0,0,0,0
76_Amoebophrya_sp_AT5_2,76,1775427,99,60,Dinophyceae,0,0,0,0,0,81,0,0,0,0,0,0,0,0,0,0,0,0,0,0,0,0
77_Aplanochytrium_kerguelense_PBS07,77,702273,112,63,Stramenopiles,7.84,0,0,0,0,3,0,0,0,0,0,0,0,0,0,47,0,1,0,0,0,0
78_Aurantiochytrium_limacinum,78,717989,109,63,Stramenopiles,0,0,0,0,0,0,0,0,0,0,0,0,0,0,0,79,0,0,0,0,0,0
79_Aureococcus_anophagefferens,79,44056,128,61,Stramenopiles,0,0,0,0,0,0,0,0,0,0,0,0,0,0,0,96,0,0,0,0,0,0
80_Auxenochlorella_protothecoides_0710,80,1432497,139,62,Viridiplantae,0,0,0,0,0,0,0,0,0,0,0,0,0,0,0,0,98,0,0,0,0,0
81_Auxenochlorella_protothecoides,81,3075,127,60,Viridiplantae,0,0,0,0,0,0,0,0,0,0,0,0,0,0,0,0,91,0,0,0,0,0
82_Bathycoccus_prasinos_RCC1105,82,1075084,178,63,Viridiplantae,0,0,0,0,0,0,0,0,0,0,0,0,0,0,0,0,122,0,0,0,0,0
83_Bigelowiella_natans_CCMP2755,83,753081,158,62,Rhizaria,0,0,0,0,0,0,0,0,0,0,0,0,0,89,0,0,0,0,0,0,0,0
84_Blastocystis_hominis,84,12968,268,62,Stramenopiles,0,0,0,0,0,0,0,0,0,0,0,0,0,0,0,221,0,0,0,0,0,0
85_Botryococcus_braunii_Showa,85,1202541,190,61,Viridiplantae,0,0,0,0,0,0,0,0,0,0,0,0,0,0,0,0,74,0,0,0,0,0
86_Breviolum_minutum,86,2499525,220,62,Dinophyceae,0,0,0,0,0,159,0,0,0,0,0,0,0,0,0,0,0,0,0,0,0,0
87_Caulerpa_lentillifera,87,148947,109,53,Viridiplantae,12,0,0,0,0,0,0,0,0,0,0,0,0,0,0,0,22,0,0,0,0,3
88_Chara_braunii,88,69332,173,63,Viridiplantae,0,0,0,0,0,0,0,0,0,0,0,0,0,0,0,0,116,0,0,0,0,0
89_Chlamydomonas_eustigma,89,1157962,165,63,Viridiplantae,0,0,0,0,0,0,0,0,0,0,0,0,0,0,0,0,117,0,0,0,0,0
90_Chlamydomonas_incerta,90,51695,151,61,Viridiplantae,0,0,0,0,0,0,0,0,0,0,0,0,0,0,0,0,101,0,0,0,0,0
91_Chlamydomonas_reinhardtii,91,3055,157,62,Viridiplantae,0,0,0,0,0,0,0,0,0,0,0,0,0,0,0,0,100,0,0,0,0,0
92_Chlamydomonas_schloesseri,92,2026947,154,63,Viridiplantae,0,0,0,0,0,0,0,0,0,0,0,0,0,0,0,0,102,0,0,0,0,0
93_Chlorella_sp_A99,93,2041167,120,55,Viridiplantae,0,0,0,0,0,0,0,0,0,0,0,0,0,0,0,0,72,0,0,0,0,0
94_Chlorella_sorokiniana,94,3076,156,59,Viridiplantae,0,0,0,0,0,0,0,0,0,0,0,0,0,0,0,0,100,0,0,0,0,0
95_Chlorella_sorokiniana,95,3076,147,61,Viridiplantae,0,0,0,0,0,0,0,0,0,0,0,0,0,0,0,0,95,0,0,0,0,0
96_Chlorella_sorokiniana,96,3076,148,60,Viridiplantae,0,0,0,0,0,0,0,0,0,0,0,0,0,0,0,0,98,0,0,0,0,0
97_Chlorella_sorokiniana,97,3076,147,62,Viridiplantae,0,0,0,0,0,0,0,0,0,0,0,0,0,0,0,0,96,0,0,0,0,0
98_Chlorella_variabilis,98,554065,144,61,Viridiplantae,0,0,0,0,0,0,0,0,0,0,0,0,0,0,0,0,96,0,0,0,0,0
99_Chlorokybus_atmophyticus,99,3144,138,58,Viridiplantae,0,0,0,0,0,0,0,0,0,0,0,0,0,0,0,0,41,0,0,0,0,0
100_Chloropicon_primus,100,1764295,139,61,Viridiplantae,0,0,0,0,0,0,0,0,0,0,0,0,0,0,0,0,94,0,0,0,0,0
101_Chondrus_crispus,101,2769,164,62,Rhodophyta,0,0,0,0,0,0,0,0,0,0,0,0,0,0,119,0,0,0,0,0,0,0
102_Chromochloris_zofingiensis,102,31302,148,61,Viridiplantae,0,0,0,0,0,0,0,0,0,0,0,0,0,0,0,0,77,0,0,0,0,0
103_Chrysochromulina_parva,103,127563,128,61,Haptophyta,0,0,0,0,0,0,0,0,79,0,0,0,0,0,0,0,0,0,0,0,0,0
104_Chrysochromulina_tobin,104,1460289,93,49,Haptophyta,0,0,0,0,0,0,0,0,65,0,0,0,0,0,0,0,0,0,0,0,0,0
105_Cladocopium_goreaui,105,2562237,224,59,Dinophyceae,16.56,0,0,0,0,126,0,0,0,0,0,0,0,0,0,0,0,25,0,0,0,0
106_Cladosiphon_okamuranus,106,309737,110,56,Stramenopiles,0,0,0,0,0,0,0,0,0,0,0,0,0,0,0,74,0,0,0,0,0,0
107_Coccomyxa_subellipsoidea,107,574566,149,63,Viridiplantae,0,0,0,0,0,0,0,0,0,0,0,0,0,0,0,0,103,0,0,0,0,0
108_Cryptophyta_sp_CCMP2293,108,697907,137,60,Cryptophyceae,6.41,0,0,0,73,0,0,0,0,0,0,0,0,0,0,3,0,1,0,0,0,1
109_Cyanidioschyzon_merolae,109,45157,114,56,Rhodophyta,0,0,0,0,0,0,0,0,0,0,0,0,0,0,81,0,0,0,0,0,0,0
110_Cyanidioschyzon_merolae_10D,110,280699,119,63,Rhodophyta,0,0,0,0,0,0,0,0,0,0,0,0,0,0,65,0,0,0,0,0,0,0
111_Cyanophora_paradoxa,111,2762,119,61,Glaucocystophyceae,50,0,0,0,0,0,0,7,1,0,1,0,0,0,0,0,2,2,0,0,0,1
112_Cyclotella_cryptica,112,29204,124,60,Stramenopiles,2.41,0,0,0,0,0,0,0,0,0,0,0,0,0,0,81,0,0,0,0,0,2
113_Dunaliella_salina,113,3046,163,63,Viridiplantae,12,0,2,0,0,6,0,0,0,0,0,0,0,0,0,0,66,0,0,0,0,1
114_Ectocarpus_siliculosus,114,2880,124,62,Stramenopiles,0,0,0,0,0,0,0,0,0,0,0,0,0,0,0,84,0,0,0,0,0,0
115_Edaphochlamys_debaryana,115,47281,150,61,Viridiplantae,0,0,0,0,0,0,0,0,0,0,0,0,0,0,0,0,103,0,0,0,0,0
116_Emiliania_huxleyi_CCMP1516,116,280463,211,57,Haptophyta,1.98,0,1,0,0,0,0,0,99,0,1,0,0,0,0,0,0,0,0,0,0,0
117_Enallax_costatus,117,113528,168,63,Viridiplantae,1,0,0,0,0,0,0,0,0,0,0,0,0,0,0,0,99,0,0,0,0,1
118_Fistulifera_solaris,118,1519565,214,62,Stramenopiles,0,0,0,0,0,0,0,0,0,0,0,0,0,0,0,166,0,0,0,0,0,0
119_Flechtneria_rotunda,119,269715,177,63,Viridiplantae,0,0,0,0,0,0,0,0,0,0,0,0,0,0,0,0,115,0,0,0,0,0
120_Fragilariopsis_cylindrus_CCMP1102,120,635003,148,63,Stramenopiles,0,0,0,0,0,0,0,0,0,0,0,0,0,0,0,108,0,0,0,0,0,0
121_Fugacium_kawagutii,121,2697096,179,60,Dinophyceae,6.11,0,0,0,0,123,0,0,0,0,1,0,0,0,0,0,0,7,0,0,0,0
122_Galdieria_phelgrea,122,1389228,148,61,Rhodophyta,0.94,0,0,0,0,0,0,0,0,0,0,0,0,0,105,0,1,0,0,0,0,0
123_Galdieria_sulphuraria,123,130081,115,62,Rhodophyta,1.08,1,0,0,0,0,0,0,0,0,0,0,0,0,92,0,0,0,0,0,0,0
124_Giardia_lamblia_ATCC50803,124,184922,79,55,None,NA,0,0,0,0,0,0,0,0,0,0,0,0,0,0,0,0,0,0,0,0,0
125_Gonium_pectorale,125,33097,144,62,Viridiplantae,0,0,0,0,0,0,0,0,0,0,0,0,0,0,0,0,98,0,0,0,0,0
126_Gracilariopsis_chorda,126,448386,125,63,Rhodophyta,0,0,0,0,0,0,0,0,0,0,0,0,0,0,99,0,0,0,0,0,0,0
127_Guillardia_theta_CCMP2712,127,905079,134,63,Cryptophyceae,0,0,0,0,95,0,0,0,0,0,0,0,0,0,0,0,0,0,0,0,0,0
128_Hyaloperonospora_arabidopsidis_Emoy2,128,559515,118,63,Stramenopiles,0,0,0,0,0,0,0,0,0,0,0,0,0,0,0,78,0,0,0,0,0,0
129_Klebsormidium_nitens,129,105231,147,63,Viridiplantae,0,0,0,0,0,0,0,0,0,0,0,0,0,0,0,0,99,0,0,0,0,0
130_Mesostigma_viride,130,41882,93,47,Viridiplantae,0,0,0,0,0,0,0,0,0,0,0,0,0,0,0,0,22,0,0,0,0,0
131_Mesotaenium_endlicherianum,131,184485,159,62,Viridiplantae,8.86,0,0,0,0,0,0,0,0,0,0,0,0,0,0,0,72,7,0,0,0,0
132_Micractinium_conductrix,132,554055,133,58,Viridiplantae,0,0,0,0,0,0,0,0,0,0,0,0,0,0,0,0,82,0,0,0,0,0
133_Micromonas_commoda,133,296587,148,62,Viridiplantae,0,0,0,0,0,0,0,0,0,0,0,0,0,0,0,0,83,0,0,0,0,0
134_Micromonas_pusilla_CCMP1545,134,564608,149,63,Viridiplantae,0,0,0,0,0,0,0,0,0,0,0,0,0,0,0,0,90,0,0,0,0,0
135_Minidiscus_variabilis,135,659878,141,63,Stramenopiles,0,0,0,0,0,0,0,0,0,0,0,0,0,0,0,92,0,0,0,0,0,0
136_Monoraphidium_neglectum,136,145388,188,61,Viridiplantae,0,0,0,0,0,0,0,0,0,0,0,0,0,0,0,0,137,0,0,0,0,0
137_Naegleria_gruberi,137,5762,117,62,Heterolobosea,0,0,0,0,0,0,0,0,0,88,0,0,0,0,0,0,0,0,0,0,0,0
138_Nannochloropsis_gaditana,138,72520,158,59,Stramenopiles,0,0,0,0,0,0,0,0,0,0,0,0,0,0,0,114,0,0,0,0,0,0
139_Nannochloropsis_oceanica_CCMP1779,139,1149776,122,61,Stramenopiles,1.19,0,0,0,0,0,0,0,0,0,1,0,0,0,0,83,0,0,0,0,0,0
140_Nannochloropsis_salina_CCMP1776,140,1027361,112,63,Stramenopiles,0,0,0,0,0,0,0,0,0,0,0,0,0,0,0,87,0,0,0,0,0,0
141_Nemacystus_decipiens,141,2185085,126,59,Stramenopiles,3.66,0,0,0,0,1,0,0,0,0,0,0,0,0,0,79,0,2,0,0,0,0
142_Nitzschia_inconspicua,142,303405,129,61,Stramenopiles,0,0,0,0,0,0,0,0,0,0,0,0,0,0,0,96,0,0,0,0,0,0
143_Ochromonadaceae_sp_CCMP2298,143,483371,149,63,Stramenopiles,44,0,1,0,0,0,0,0,16,0,0,0,0,0,0,28,0,2,3,0,0,0
144_Ochromonas_sp_CCMP1393,144,420556,153,61,Stramenopiles,38.1,0,0,0,0,0,0,0,19,0,0,0,0,0,0,39,0,1,4,0,0,0
145_Ostreococcus_sp_RCC809,145,385169,143,61,Viridiplantae,0,0,0,0,0,0,0,0,0,0,0,0,0,0,0,0,89,0,0,0,0,0
146_Ostreococcus_tauri,146,70448,222,59,Viridiplantae,0.66,0,0,0,0,0,0,0,0,0,0,0,0,0,0,0,150,0,0,0,0,1
147_Ostreococcus_tauri,147,70448,150,62,Viridiplantae,0,0,0,0,0,0,0,0,0,0,0,0,0,0,0,0,98,0,0,0,0,0
148_Oxytricha_trifallax,148,1172189,138,61,Ciliophora,0,0,108,0,0,0,0,0,0,0,0,0,0,0,0,0,0,0,0,0,0,0
149_Paramecium_tetraurelia_d4_2,149,412030,550,63,Ciliophora,0,0,435,0,0,0,0,0,0,0,0,0,0,0,0,0,0,0,0,0,0,0
150_Paraphysomonas_imperforata,150,37642,186,62,Stramenopiles,72.6,0,0,0,0,40,0,0,6,0,0,0,0,0,0,20,0,3,2,0,0,2
151_Pavlovales_sp_CCMP2436,151,483367,155,63,Haptophyta,0,0,0,0,0,0,0,0,96,0,0,0,0,0,0,0,0,0,0,0,0,0
152_Pelagophyceae_sp_CCMP2097,152,483370,137,63,Stramenopiles,3.8,0,0,0,0,0,0,0,0,0,0,0,0,0,0,76,0,1,0,0,0,2
153_Phaeocystis_antarctica,153,33657,176,61,Haptophyta,1.18,0,0,0,1,0,0,0,84,0,0,0,0,0,0,0,0,0,0,0,0,0
154_Phaeocystis_globosa,154,33658,145,61,Haptophyta,0,0,0,0,0,0,0,0,62,0,0,0,0,0,0,0,0,0,0,0,0,0
155_Phaeodactylum_tricornutum_CCAP1055,155,556484,120,63,Stramenopiles,0,0,0,0,0,0,0,0,0,0,0,0,0,0,0,90,0,0,0,0,0,0
156_Phytophthora_capsici_LT1534,156,763924,120,62,Stramenopiles,0,0,0,0,0,0,0,0,0,0,0,0,0,0,0,70,0,0,0,0,0,0
157_Phytophthora_cinnamomi,157,622258,117,60,Stramenopiles,0,0,0,0,0,0,0,0,0,0,0,0,0,0,0,73,0,0,0,0,0,0
158_Phytophthora_infestans_T30-4,158,403677,120,61,Stramenopiles,0,0,0,0,0,0,0,0,0,0,0,0,0,0,0,76,0,0,0,0,0,0
159_Phytophthora_sojae,159,67593,120,63,Stramenopiles,0,0,0,0,0,0,0,0,0,0,0,0,0,0,0,78,0,0,0,0,0,0
160_Picochlorum_sp_BH-2019,160,2601844,135,61,Viridiplantae,0,0,0,0,0,0,0,0,0,0,0,0,0,0,0,0,78,0,0,0,0,0
161_Picochlorum_soloecismus,161,2053932,178,59,Viridiplantae,0,0,0,0,0,0,0,0,0,0,0,0,0,0,0,0,91,0,0,0,0,0
162_Picocystis_sp_ML,162,2320818,190,57,Viridiplantae,3.33,0,0,0,0,0,0,0,0,0,0,0,0,0,0,0,58,0,0,0,0,2
163_Plasmodium_falciparum_3D7,163,36329,147,63,None,NA,0,0,0,0,0,0,0,0,0,0,0,0,0,0,0,0,0,0,0,0,0
164_Porphyra_umbilicalis,164,2786,156,61,Rhodophyta,0,0,0,0,0,0,0,0,0,0,0,0,0,0,109,0,0,0,0,0,0,0
165_Prasinoderma_coloniale,165,156133,131,61,Viridiplantae,0,0,0,0,0,0,0,0,0,0,0,0,0,0,0,0,77,0,0,0,0,0
166_Pseudo-nitzschia_multiseries_CLN-47,166,635002,145,63,Stramenopiles,3.26,0,0,0,0,0,0,0,0,0,0,0,0,0,0,89,1,2,0,0,0,0
167_Neopyropia_yezoensis,167,2788,95,52,Rhodophyta,0,0,0,0,0,0,0,0,0,0,0,0,0,0,68,0,0,0,0,0,0,0
168_Raphidocelis_subcapitata,168,307507,185,63,Viridiplantae,0,0,0,0,0,0,0,0,0,0,0,0,0,0,0,0,133,0,0,0,0,0
169_Reticulomyxa_filosa,169,46433,95,49,Rhizaria,0,0,0,0,0,0,0,0,0,0,0,0,0,78,0,0,0,0,0,0,0,0
170_Saccharina_japonica,170,88149,93,51,Stramenopiles,2.99,0,0,0,0,0,0,0,0,0,0,0,0,0,0,65,0,1,0,0,0,1
171_Saprolegnia_parasitica_CBS223_65,171,695850,136,62,Stramenopiles,0,0,0,0,0,0,0,0,0,0,0,0,0,0,0,92,0,0,0,0,0,0
172_Scenedesmus_obliquus,172,3088,147,59,Viridiplantae,0,0,0,0,0,0,0,0,0,0,0,0,0,0,0,0,97,0,0,0,0,0
173_Scenedesmus_obliquus,173,3088,172,61,Viridiplantae,0,0,0,0,0,0,0,0,0,0,0,0,0,0,0,0,120,0,0,0,0,0
174_Scenedesmus_obliquus,174,3088,187,61,Viridiplantae,0.76,0,0,0,0,0,0,0,0,0,0,0,0,0,0,0,131,0,0,0,0,1
175_Scenedesmus_sp_NREL46B-D3,175,2650976,150,61,Viridiplantae,0,0,0,0,0,0,0,0,0,0,0,0,0,0,0,0,107,0,0,0,0,0
176_Schizochytrium_aggregatum_ATCC28209,176,876976,107,62,Stramenopiles,2.13,0,0,0,0,0,0,0,0,0,0,0,0,0,0,46,0,1,0,0,0,0
177_Seminavis_robusta,177,568900,131,62,Stramenopiles,0,0,0,0,0,0,0,0,0,0,0,0,0,0,0,97,0,0,0,0,0,0
178_Symbiochloris_reticulata,178,40981,147,62,Viridiplantae,0,0,0,0,0,0,0,0,0,0,0,0,0,0,0,0,59,0,0,0,0,0
179_Symbiodinium_microadriaticum,179,2951,149,57,Dinophyceae,0,0,0,0,0,118,0,0,0,0,0,0,0,0,0,0,0,0,0,0,0,0
180_Tetrabaena_socialis,180,47790,144,60,Viridiplantae,0,0,0,0,0,0,0,0,0,0,0,0,0,0,0,0,104,0,0,0,0,0
181_Tetrahymena_thermophila_SB210,181,312017,110,61,Ciliophora,0,0,85,0,0,0,0,0,0,0,0,0,0,0,0,0,0,0,0,0,0,0
182_Thalassiosira_oceanica_CCMP1005,182,637379,170,59,Stramenopiles,0,0,0,0,0,0,0,0,0,0,0,0,0,0,0,112,0,0,0,0,0,0
183_Thalassiosira_pseudonana_CCMP1335,183,296543,116,63,Stramenopiles,0,0,0,0,0,0,0,0,0,0,0,0,0,0,0,84,0,0,0,0,0,0
184_Toxoplasma_gondii_ME49,184,508771,137,62,None,NA,0,0,0,0,0,0,0,0,0,0,0,0,0,0,0,0,0,0,0,0,0
185_Trebouxia_sp_A1-2,185,2608996,120,58,Viridiplantae,0,0,0,0,0,0,0,0,0,0,0,0,0,0,0,0,87,0,0,0,0,0
186_Tribonema_minus,186,303371,150,61,Stramenopiles,0,0,0,0,0,0,0,0,0,0,0,0,0,0,0,109,0,0,0,0,0,0
187_Trichomonas_vaginalis_G3,187,412133,418,57,None,NA,0,0,0,0,0,0,0,0,0,0,0,0,0,0,0,0,0,0,0,0,0
188_Trypanosoma_brucei,188,185431,163,59,Euglenozoa,0,0,0,0,0,0,104,0,0,0,0,0,0,0,0,0,0,0,0,0,0,0
189_Ulva_mutabilis,189,498180,120,62,Viridiplantae,3.85,0,0,0,0,0,0,0,0,0,0,0,0,0,0,0,25,1,0,0,0,0
190_Undaria_pinnatifida,190,74381,111,62,Stramenopiles,0,0,0,0,0,0,0,0,0,0,0,0,0,0,0,74,0,0,0,0,0,0
191_Vitrella_brassicaformis_CCMP3155,191,1169540,132,62,Colpodellida,0,0,0,104,0,0,0,0,0,0,0,0,0,0,0,0,0,0,0,0,0,0
192_Volvox_carteri,192,3067,153,62,Viridiplantae,0,0,0,0,0,0,0,0,0,0,0,0,0,0,0,0,103,0,0,0,0,0
193_Cephaloidophora_cf_communis,193,947086,73,47,None,NA,0,0,0,0,0,0,0,0,0,8,0,0,0,0,0,0,0,0,0,0,0
194_Acytostelium_subglobosum,194,361139,384,36,Amoebozoa,0.27,363,0,0,0,0,0,0,0,0,0,0,0,0,0,0,0,0,0,0,0,1
195_Malassezia_globosa,195,76773,9,4,Opisthokonta,0,0,0,0,0,0,0,0,0,0,9,0,0,0,0,0,0,0,0,0,0,0
196_Chrysochromulina_sp_KB-HA01,196,2802065,167,45,Haptophyta,32.26,0,0,0,0,2,0,0,42,0,1,0,0,0,1,0,0,16,0,0,0,0
197_Chrysochromulina_sp_AL-TEMP,197,2802064,158,51,Haptophyta,2.22,0,0,0,0,0,0,0,88,0,0,0,0,0,0,0,0,2,0,0,0,0
198_Chaetoceros_sp,198,49240,398,50,Stramenopiles,9.96,0,0,0,0,1,0,0,0,0,0,0,0,0,2,235,0,23,0,0,0,0
199_Pseudo-nitzschia_sp,199,1804765,151,45,Stramenopiles,0,0,0,0,0,0,0,0,0,0,0,0,0,0,0,115,0,0,0,0,0,0
200_Crassostrea_gigas,200,29159,165,62,Opisthokonta,0,0,0,0,0,0,0,0,0,0,82,0,0,0,0,0,0,0,0,0,0,0
201_Octopus_bimaculoides,201,37653,132,60,Opisthokonta,0,0,0,0,0,0,0,0,0,0,92,0,0,0,0,0,0,0,0,0,0,0
202_Aplysia_californica,202,6500,150,61,Opisthokonta,0.97,0,0,0,0,0,0,0,0,0,102,0,0,0,0,0,0,0,0,0,0,1
203_Daphnia_magna,203,35525,135,58,Opisthokonta,0,0,0,0,0,0,0,0,0,0,93,0,0,0,0,0,0,0,0,0,0,0
204_Homarus_americanus,204,6706,173,63,Opisthokonta,0,0,0,0,0,0,0,0,0,0,126,0,0,0,0,0,0,0,0,0,0,0
205_Oikopleura_dioica,205,34765,106,59,Opisthokonta,0,0,0,0,0,0,0,0,0,0,86,0,0,0,0,0,0,0,0,0,0,0
206_Hippoglossus_stenolepis,206,195615,179,62,Opisthokonta,0,0,0,0,0,0,0,0,0,0,118,0,0,0,0,0,0,0,0,0,0,0
207_Tursiops_truncatus,207,9739,424,63,Opisthokonta,0,0,0,0,0,0,0,0,0,0,309,0,0,0,0,0,0,0,0,0,0,0
208_Dibothriocephalus_latus,208,60516,88,52,Opisthokonta,1.52,0,0,0,0,0,0,0,0,0,65,0,0,0,0,0,0,0,0,0,0,1
209_Opisthorchis_viverrini,209,6198,99,57,Opisthokonta,0,0,0,0,0,0,0,0,0,0,81,0,0,0,0,0,0,0,0,0,0,0
210_Capitella_teleta,210,283909,151,60,Opisthokonta,0,0,0,0,0,0,0,0,0,0,104,0,0,0,0,0,0,0,0,0,0,0
211_Helobdella_robusta,211,6412,134,61,Opisthokonta,0,0,0,0,0,0,0,0,0,0,96,0,0,0,0,0,0,0,0,0,0,0
212_Anisakis_simplex,212,6269,125,60,Opisthokonta,0,0,0,0,0,0,0,0,0,0,98,0,0,0,0,0,0,0,0,0,0,0
213_Trichuris_trichiura,213,36087,137,60,Opisthokonta,0,0,0,0,0,0,0,0,0,0,88,0,0,0,0,0,0,0,0,0,0,0
214_Hydra_vulgaris,214,6087,147,63,Opisthokonta,0,0,0,0,0,0,0,0,0,0,118,0,0,0,0,0,0,0,0,0,0,0
215_Nematostella_vectensis,215,45351,160,63,Opisthokonta,0,0,0,0,0,0,0,0,0,0,117,0,0,0,0,0,0,0,0,0,0,0
216_Apostichopus_japonicus,216,307972,162,63,Opisthokonta,0,0,0,0,0,0,0,0,0,0,121,0,0,0,0,0,0,0,0,0,0,0
217_Strongylocentrotus_purpuratus,217,7668,168,63,Opisthokonta,0,0,0,0,0,0,0,0,0,0,118,0,0,0,0,0,0,0,0,0,0,0
218_Bugula_neritina,218,10212,116,53,Opisthokonta,0,0,0,0,0,0,0,0,0,0,87,0,0,0,0,0,0,0,0,0,0,0
219_Amphimedon_queenslandica,219,400682,144,62,Opisthokonta,6.6,0,0,0,0,0,0,0,0,0,99,0,0,0,0,0,0,7,0,0,0,0
220_Lingula_anatina,220,7574,186,62,Opisthokonta,0,0,0,0,0,0,0,0,0,0,131,0,0,0,0,0,0,0,0,0,0,0
221_Adineta_ricciae,221,249248,244,61,Opisthokonta,0,0,0,0,0,0,0,0,0,0,185,0,0,0,0,0,0,0,0,0,0,0
222_Diacronema_lutheri,222,2081491,139,63,Haptophyta,0,0,0,0,0,0,0,0,102,0,0,0,0,0,0,0,0,0,0,0,0,0
223_Abedinium_folium,223,2713251,134,52,Dinophyceae,36,0,0,0,0,16,0,0,0,0,3,0,0,0,0,0,0,5,0,0,0,1
224_Abedinium_dasypus,224,763927,26,22,Dinophyceae,20,0,0,0,0,4,0,0,0,0,0,0,0,0,0,0,0,1,0,0,0,0
225_Porphyridium_aerugineum,225,2792,141,61,Rhodophyta,1.33,0,0,0,0,0,0,0,0,0,1,0,0,0,74,0,0,0,0,0,0,0
226_Diacronema_lutheri,226,2081491,234,63,Haptophyta,6.55,0,0,0,0,0,0,0,157,0,0,0,0,0,0,0,2,9,0,0,0,0
227_Odontella_aurita,227,265563,273,63,Stramenopiles,0.51,0,0,0,0,0,0,0,0,0,0,1,0,0,0,195,0,0,0,0,0,0
228_Trieres_chinensis,228,1514140,183,63,Stramenopiles,4.35,0,0,0,0,0,0,0,3,0,0,0,0,0,0,110,2,0,0,0,0,0
229_Skeletonema_costatum,229,2843,208,63,Stramenopiles,0.68,0,0,0,1,0,0,0,0,0,0,0,0,0,0,147,0,0,0,0,0,0
230_Cylindrotheca_closterium,230,2856,259,63,Stramenopiles,1.27,0,0,0,1,0,0,0,0,0,0,1,0,0,0,155,0,0,0,0,0,0
231_Nitszchia_sp_RCC80,231,1606575,420,63,Stramenopiles,0.72,0,0,0,0,0,0,0,0,0,0,2,0,0,0,276,0,0,0,0,0,0
232_Crypthecodinium_cohnii,232,2866,346,63,Dinophyceae,0,0,0,0,0,85,0,0,0,0,0,0,0,0,0,0,0,0,0,0,0,0
233_Crypthecodinium_cohnii,233,2866,388,62,Dinophyceae,0,0,0,0,0,94,0,0,0,0,0,0,0,0,0,0,0,0,0,0,0,0
234_Crypthecodinium_cohnii,234,2866,376,63,Dinophyceae,0,0,0,0,0,89,0,0,0,0,0,0,0,0,0,0,0,0,0,0,0,0
235_Crypthecodinium_cohnii,235,2866,371,62,Dinophyceae,0,0,0,0,0,96,0,0,0,0,0,0,0,0,0,0,0,0,0,0,0,0
236_Cryptomonas_paramecium,236,2898,323,63,Cryptophyceae,3.7,0,0,0,208,0,1,0,0,0,0,1,0,0,1,5,0,0,0,0,0,0
237_Emiliania_huxleyi,237,2903,151,62,Haptophyta,2.9,0,1,0,0,0,0,0,67,0,1,0,0,0,0,0,0,0,0,0,0,0
238_Emiliania_huxleyi,238,2903,163,63,Haptophyta,2.53,0,1,0,0,0,0,0,77,0,1,0,0,0,0,0,0,0,0,0,0,0
239_Emiliania_huxleyi,239,2903,137,62,Haptophyta,3.23,0,1,0,0,0,0,0,60,0,1,0,0,0,0,0,0,0,0,0,0,0
240_Emiliania_huxleyi,240,2903,154,62,Haptophyta,3.17,0,1,0,0,0,0,0,61,0,1,0,0,0,0,0,0,0,0,0,0,0
241_Emiliania_huxleyi,241,2903,169,63,Haptophyta,1.32,0,1,0,0,0,0,0,75,0,0,0,0,0,0,0,0,0,0,0,0,0
242_Emiliania_huxleyi,242,2903,152,62,Haptophyta,1.52,0,1,0,0,0,0,0,65,0,0,0,0,0,0,0,0,0,0,0,0,0
243_Emiliania_huxleyi,243,2903,194,63,Haptophyta,1.14,0,1,0,0,0,0,0,87,0,0,0,0,0,0,0,0,0,0,0,0,0
244_Emiliania_huxleyi,244,2903,146,62,Haptophyta,1.59,0,1,0,0,0,0,0,62,0,0,0,0,0,0,0,0,0,0,0,0,0
245_Emiliania_huxleyi,245,2903,238,63,Haptophyta,7.69,0,1,0,0,0,0,0,72,0,0,0,0,0,0,5,0,0,0,0,0,0
246_Emiliania_huxleyi,246,2903,194,63,Haptophyta,6.02,0,1,0,0,0,0,0,78,0,2,0,0,0,0,1,0,0,0,0,0,1
247_Emiliania_huxleyi,247,2903,189,63,Haptophyta,5.33,0,1,0,0,0,0,0,71,0,0,0,0,0,0,1,0,0,0,0,0,2
248_Emiliania_huxleyi,248,2903,175,63,Haptophyta,3.03,0,1,0,0,0,0,0,64,0,0,0,0,0,0,1,0,0,0,0,0,0
249_Emiliania_huxleyi,249,2903,172,62,Haptophyta,2.99,0,1,0,0,0,0,0,65,0,0,0,0,0,0,1,0,0,0,0,0,0
250_Emiliania_huxleyi,250,2903,176,63,Haptophyta,3.08,0,1,0,0,0,0,0,63,0,1,0,0,0,0,0,0,0,0,0,0,0
251_Emiliania_huxleyi,251,2903,171,63,Haptophyta,2.99,0,1,0,0,0,0,0,65,0,1,0,0,0,0,0,0,0,0,0,0,0
252_Emiliania_huxleyi,252,2903,173,63,Haptophyta,2.67,0,1,0,0,0,0,0,73,0,1,0,0,0,0,0,0,0,0,0,0,0
253_Tripos_fusus,253,2916,370,63,Dinophyceae,0,0,0,0,0,98,0,0,0,0,0,0,0,0,0,0,0,0,0,0,0,0
254_Tripos_fusus,254,2916,383,63,Dinophyceae,0,0,0,0,0,103,0,0,0,0,0,0,0,0,0,0,0,0,0,0,0,0
255_Thoracosphaera_heimii,255,2923,18,7,Dinophyceae,0,0,0,0,0,4,0,0,0,0,0,0,0,0,0,0,0,0,0,0,0,0
256_Alexandrium_catenella,256,2925,655,63,Dinophyceae,0,0,0,0,0,412,0,0,0,0,0,0,0,0,0,0,0,0,0,0,0,0
257_Alexandrium_tamarense,257,2926,334,61,Dinophyceae,0.62,0,1,0,0,159,0,0,0,0,0,0,0,0,0,0,0,0,0,0,0,0
258_Alexandrium_tamarense,258,2926,605,63,Dinophyceae,0,0,0,0,0,299,0,0,0,0,0,0,0,0,0,0,0,0,0,0,0,0
259_Alexandrium_tamarense,259,2926,1861,63,Dinophyceae,54.6,0,0,0,0,291,0,0,2,0,4,0,0,19,0,142,179,1,1,0,0,2
260_Alexandrium_fundyense,260,2932,228,58,Dinophyceae,24.8,0,7,0,0,94,0,0,0,0,0,0,0,0,0,24,0,0,0,0,0,0
261_Alexandrium_fundyense,261,2932,438,62,Dinophyceae,3.49,0,0,0,0,221,0,0,0,0,0,0,0,0,0,0,8,0,0,0,0,0
262_Prorocentrum_micans,262,2945,255,52,Dinophyceae,17.39,0,1,0,0,95,0,0,0,0,0,0,0,0,0,18,0,0,0,0,0,1
263_Amphidinium_carterae,263,2961,280,62,Dinophyceae,1.6,0,2,0,0,123,0,0,0,0,0,0,0,0,0,0,0,0,0,0,0,0
264_Amphidinium_carterae,264,2961,275,63,Dinophyceae,0.81,0,1,0,0,123,0,0,0,0,0,0,0,0,0,0,0,0,0,0,0,0
265_Amphidinium_carterae,265,2961,220,58,Dinophyceae,1.18,0,0,0,0,84,1,0,0,0,0,0,0,0,0,0,0,0,0,0,0,0
266_Noctiluca_scintillans,266,2966,416,63,Dinophyceae,12.5,0,2,0,0,231,0,0,0,0,0,0,0,0,0,17,14,0,0,0,0,0
267_Oxyrrhis_marina,267,2969,31,19,Dinophyceae,0,0,0,0,0,27,0,0,0,0,0,0,0,0,0,0,0,0,0,0,0,0
268_Oxyrrhis_marina,268,2969,140,58,Dinophyceae,8.54,0,0,0,0,75,0,0,0,0,0,0,7,0,0,0,0,0,0,0,0,0
269_Oxyrrhis_marina,269,2969,232,61,Dinophyceae,29.36,0,0,0,0,77,0,0,0,0,1,0,0,0,0,31,0,0,0,0,0,0
270_Oxyrrhis_marina,270,2969,406,63,Dinophyceae,37.07,0,6,0,0,129,2,0,0,0,0,0,0,0,0,68,0,0,0,0,0,0
271_Oxyrrhis_marina,271,2969,283,62,Dinophyceae,31.09,0,21,0,0,82,0,0,12,0,0,0,0,0,0,3,0,0,1,0,0,0
272_Oxyrrhis_marina,272,2969,213,61,Dinophyceae,15.38,0,0,0,0,77,0,0,0,0,3,0,0,0,0,1,0,10,0,0,0,0
273_Oxyrrhis_marina,273,2969,187,59,Dinophyceae,31.19,0,1,0,0,75,0,0,0,0,1,0,0,0,0,32,0,0,0,0,0,0
274_Oxyrrhis_marina,274,2969,204,59,Dinophyceae,40.16,0,1,0,0,76,0,0,0,0,0,0,0,0,0,50,0,0,0,0,0,0
275_Oxyrrhis_marina,275,2969,336,63,Dinophyceae,40.8,0,4,0,0,119,0,0,0,0,0,0,0,0,0,77,0,0,0,0,0,1
276_Pyrocystis_lunula,276,2972,6,3,Dinophyceae,0,0,0,0,0,2,0,0,0,0,0,0,0,0,0,0,0,0,0,0,0,0
277_Ochromonas_sp_CCMP1899,277,420557,146,63,Stramenopiles,32.43,0,0,0,0,1,0,0,4,0,0,0,0,0,0,25,4,0,3,0,0,0
278_Ochromonas_sp_BG-1,278,1616673,148,63,Stramenopiles,47.37,1,0,0,0,1,0,0,6,0,0,0,0,0,0,20,0,1,6,0,0,3
279_Mallomonas_sp,279,2003107,177,63,Stramenopiles,62.5,0,0,0,0,3,0,0,1,0,0,0,0,0,26,21,0,0,3,0,0,2
280_Rhizosolenia_setigera,280,3005,7,5,Stramenopiles,0,0,0,0,0,0,0,0,0,0,0,0,0,0,0,7,0,0,0,0,0,0
281_Hanusia_phi,281,3032,188,63,Cryptophyceae,0,0,0,0,142,0,0,0,0,0,0,0,0,0,0,0,0,0,0,0,0,0
283_Dunaliella_tertiolecta,283,3047,226,63,Viridiplantae,20,0,2,0,0,6,0,0,6,0,0,0,0,0,0,5,80,0,0,0,0,1
284_Dunaliella_tertiolecta,284,3047,175,63,Viridiplantae,10.98,0,2,0,0,6,0,0,0,0,0,0,0,0,0,0,73,0,0,0,0,1
285_Chlamydomonas_sp_CCMP681,285,413974,177,63,Viridiplantae,2.74,0,0,0,0,0,0,0,0,0,0,0,0,0,1,0,71,0,0,0,0,1
286_Tetraselmis_striata,286,3165,182,63,Viridiplantae,9.59,1,0,0,0,0,0,0,0,0,1,0,0,0,0,0,66,4,0,0,0,1
287_Tetraselmis_striata,287,3165,158,63,Viridiplantae,12.82,0,10,0,0,0,0,0,0,0,0,0,0,0,0,0,68,0,0,0,0,0
288_Tetraselmis_striata,288,3165,170,63,Viridiplantae,13.95,0,12,0,0,0,0,0,0,0,0,0,0,0,0,0,74,0,0,0,0,0
289_Tetraselmis_striata,289,3165,187,62,Viridiplantae,13.54,0,13,0,0,0,0,0,0,0,0,0,0,0,0,0,83,0,0,0,0,0
290_Tetraselmis_striata,290,3165,196,63,Viridiplantae,13.46,0,14,0,0,0,0,0,0,0,0,0,0,0,0,0,90,0,0,0,0,0
291_Schizochytrium_aggregatum_ATCC28209,291,876976,123,62,Stramenopiles,3.64,0,0,0,0,2,0,0,0,0,0,0,0,0,0,53,0,0,0,0,0,0
292_Schizochytrium_aggregatum_ATCC28209,292,876976,126,63,Stramenopiles,4.08,0,0,0,0,1,0,0,0,0,0,0,0,0,0,47,0,1,0,0,0,0
293_Schizochytrium_aggregatum_ATCC28209,293,876976,126,62,Stramenopiles,1.92,0,0,0,0,1,0,0,0,0,0,0,0,0,0,51,0,0,0,0,0,0
294_Schizochytrium_aggregatum_ATCC28209,294,876976,125,63,Stramenopiles,3.64,0,0,0,0,1,0,0,0,0,0,0,0,0,0,53,0,1,0,0,0,0
295_Euplotes_crassus,295,5936,232,63,Ciliophora,5.15,0,129,0,0,2,0,0,0,0,3,0,0,0,0,1,0,0,0,0,0,1
296_Blepharisma_japonicum,296,5961,469,63,Ciliophora,31.76,0,174,0,0,0,0,0,2,0,0,0,0,0,0,41,38,0,0,0,0,0
297_Chrysotila_carterae,297,13221,154,63,Haptophyta,1.27,0,1,0,0,0,0,0,78,0,0,0,0,0,0,0,0,0,0,0,0,0
298_Chrysotila_carterae,298,13221,164,63,Haptophyta,0,0,0,0,0,0,0,0,87,0,0,0,0,0,0,0,0,0,0,0,0,0
299_Chrysotila_carterae,299,13221,175,63,Haptophyta,0,0,0,0,0,0,0,0,88,0,0,0,0,0,0,0,0,0,0,0,0,0
300_Ammonia_sp,300,43993,243,63,Rhizaria,8.7,0,0,0,0,0,0,0,0,0,2,0,0,63,0,0,1,0,0,0,0,3
301_Chlorarachnion_reptans,301,29199,252,63,Rhizaria,6.25,1,0,0,0,0,0,0,0,0,0,0,0,135,0,0,0,1,0,0,0,7
302_Stephanocyclus_meneghinianus,302,29205,4,2,Stramenopiles,0,0,0,0,0,0,0,0,0,0,0,0,0,0,0,3,0,0,0,0,0,0
303_Goniomonas_sp,303,1955572,122,63,Cryptophyceae,33.33,0,0,0,4,0,0,0,0,0,1,0,0,0,0,0,0,1,0,0,0,0
304_Compsopogon_caeruleus,304,31354,213,62,Rhodophyta,2.75,0,0,0,0,0,0,0,0,0,0,0,0,0,106,0,0,1,0,0,0,2
305_Asterionellopsis_glacialis,305,33640,145,63,Stramenopiles,0,0,0,0,0,0,0,0,0,0,0,0,0,0,0,97,0,0,0,0,0,0
306_Asterionellopsis_glacialis,306,33640,161,63,Stramenopiles,8.89,0,0,0,0,0,0,0,0,0,0,0,0,0,0,82,0,8,0,0,0,0
307_Asterionellopsis_glacialis,307,33640,325,62,Stramenopiles,36.62,0,0,0,0,0,0,0,0,0,0,0,0,0,0,90,0,52,0,0,0,0
308_Asterionellopsis_glacialis,308,33640,151,63,Stramenopiles,1.96,0,0,0,0,0,0,0,0,0,0,0,0,0,0,100,0,2,0,0,0,0
309_Asterionellopsis_glacialis,309,33640,248,63,Stramenopiles,31.75,0,0,0,0,0,0,0,0,0,0,0,0,0,0,86,0,40,0,0,0,0
310_Asterionellopsis_glacialis,310,33640,147,63,Stramenopiles,0,0,0,0,0,0,0,0,0,0,0,0,0,0,0,93,0,0,0,0,0,0
311_Thalassionema_nitzschioides,311,33649,159,62,Stramenopiles,0,0,0,0,0,0,0,0,0,0,0,0,0,0,0,117,0,0,0,0,0,0
312_Thalassionema_nitzschioides,312,33649,160,63,Stramenopiles,0,0,0,0,0,0,0,0,0,0,0,0,0,0,0,114,0,0,0,0,0,0
313_Thalassionema_nitzschioides,313,33649,124,61,Stramenopiles,0,0,0,0,0,0,0,0,0,0,0,0,0,0,0,97,0,0,0,0,0,0
314_Bicosoecid_sp_CB-2014,314,1486930,126,61,Stramenopiles,4.76,0,1,0,0,0,0,0,0,0,0,0,0,0,0,40,0,0,1,0,0,0
315_Cafeteria_sp,315,2621217,122,62,Stramenopiles,0,0,0,0,0,0,0,0,0,0,0,0,0,0,0,10,0,0,0,0,0,0
316_Cafeteria_roebergensis,316,33653,126,61,Stramenopiles,6.45,0,0,0,0,2,0,0,0,0,0,0,0,0,0,58,0,2,0,0,0,0
317_Phaeocystis_sp_CCMP2710,317,1411682,151,63,Haptophyta,3.08,0,0,0,0,0,0,0,63,0,0,0,0,0,0,1,1,0,0,0,0,0
318_Phaeocystis_rex,318,1631189,169,63,Haptophyta,1.59,0,0,0,0,0,0,0,62,0,0,0,0,0,1,0,0,0,0,0,0,0
319_Phaeocystis_antarctica,319,33657,175,63,Haptophyta,2.41,0,0,0,1,0,0,0,81,0,0,0,0,0,0,0,0,0,0,0,0,1
320_Phaeocystis_antarctica,320,33657,169,62,Haptophyta,6.1,0,0,0,0,0,0,0,77,0,0,0,0,0,0,4,0,0,0,0,0,1
321_Uronema_marinum,321,35107,6,4,Ciliophora,33.33,0,2,0,0,0,0,0,0,0,0,0,0,0,0,1,0,0,0,0,0,0
322_Thalassiosira_sp,322,1891026,135,63,Stramenopiles,0,0,0,0,0,0,0,0,0,0,0,0,0,0,0,91,0,0,0,0,0,0
323_Thalassiosira_sp,323,1891026,136,63,Stramenopiles,0,0,0,0,0,0,0,0,0,0,0,0,0,0,0,89,0,0,0,0,0,0
324_Pelagomonas_calceolata,324,35677,145,63,Stramenopiles,0.97,0,0,0,0,0,0,0,0,0,0,0,0,0,0,102,0,0,0,0,0,1
325_Pelagomonas_calceolata,325,35677,117,61,Stramenopiles,0,0,0,0,0,0,0,0,0,0,0,0,0,0,0,89,0,0,0,0,0,0
326_Pelagomonas_calceolata,326,35677,136,63,Stramenopiles,1.02,0,0,0,0,0,0,0,0,0,0,0,0,0,0,97,0,0,0,0,0,1
327_Pelagomonas_calceolata,327,35677,157,63,Stramenopiles,0.88,0,0,0,0,0,0,0,0,0,0,0,0,0,0,112,0,0,0,0,0,1
328_Pelagomonas_calceolata,328,35677,116,61,Stramenopiles,1.2,0,1,0,0,0,0,0,0,0,0,0,0,0,0,82,0,0,0,0,0,0
329_Pelagococcus_subviridis,329,35679,144,63,Stramenopiles,0.96,0,0,0,0,0,0,0,0,0,0,0,0,0,0,103,0,0,0,0,0,1
330_Pelagococcus_subviridis,330,35679,139,63,Stramenopiles,1,0,0,0,0,0,0,0,0,0,0,0,0,0,0,99,0,0,0,0,0,1
331_Pelagococcus_subviridis,331,35679,148,63,Stramenopiles,0.95,0,0,0,0,0,0,0,0,0,0,0,0,0,0,104,0,0,0,0,0,1
332_Pelagococcus_subviridis,332,35679,149,63,Stramenopiles,1.83,0,0,0,0,0,0,0,0,0,0,0,0,0,0,107,0,0,0,0,0,2
333_Pseudopedinella_elastica,333,35684,182,61,Stramenopiles,1.19,0,0,0,0,0,0,0,0,0,0,0,0,0,0,83,0,1,0,0,0,0
334_Pseudopedinella_elastica,334,35684,269,60,Stramenopiles,60.56,0,0,0,0,0,0,0,5,0,0,0,0,0,0,28,0,37,1,0,0,0
335_Dictyocha_speculum,335,35687,163,63,Stramenopiles,2.02,0,0,0,0,0,0,0,0,0,0,0,0,0,0,97,1,0,0,0,0,1
336_Euplotes_focardii,336,36767,609,62,Ciliophora,40.99,16,131,0,0,8,0,0,4,0,16,0,0,0,0,17,28,0,0,0,0,2
337_Euplotes_focardii,337,36767,478,63,Ciliophora,55.31,7,80,0,0,0,55,0,3,0,4,0,0,1,1,15,11,1,0,0,0,1
338_Paraphysomonas_bandaiensis,338,89770,202,63,Stramenopiles,68.57,0,0,0,0,37,0,0,7,0,0,0,0,0,0,22,0,1,2,0,0,1
339_Paraphysomonas_vestita,339,36770,122,63,Stramenopiles,56.41,0,0,0,0,16,0,0,2,0,0,0,0,0,0,17,0,0,3,0,0,1
340_Pyramimonas_obovata,340,1411642,196,63,Viridiplantae,0,0,0,0,0,0,0,0,0,0,0,0,0,0,0,0,75,0,0,0,0,0
341_Polyblepharides_amylifera,341,1486889,165,63,Viridiplantae,5.56,0,0,0,0,0,0,0,0,0,1,0,0,0,0,0,51,1,0,0,0,1
342_Pyramimonas_parkeae,342,36894,181,63,Viridiplantae,5.13,1,0,0,0,0,0,0,0,0,1,0,0,0,0,0,74,1,0,0,0,1
343_Pyramimonas_sp,343,36898,168,63,Viridiplantae,17.65,0,0,0,0,0,0,0,0,0,0,0,0,0,0,11,56,1,0,0,0,0
344_Isochrysis_sp,344,40639,163,63,Haptophyta,4.62,0,2,0,0,0,0,0,62,0,1,0,0,0,0,0,0,0,0,0,0,0
345_Isochrysis_sp,345,40639,166,63,Haptophyta,1.45,0,1,0,0,0,0,0,68,0,0,0,0,0,0,0,0,0,0,0,0,0
346_Isochrysis_galbana,346,37099,155,63,Haptophyta,60,0,48,0,0,0,0,0,32,0,0,0,0,0,0,0,0,0,0,0,0,0
347_Isochrysis_galbana,347,37099,191,63,Haptophyta,28.38,0,20,0,0,0,0,0,53,0,0,0,0,0,0,1,0,0,0,0,0,0
348_Isochrysis_galbana,348,37099,193,63,Haptophyta,33.77,0,19,0,0,0,0,0,51,0,7,0,0,0,0,0,0,0,0,0,0,0
349_Pseudo-nitzschia_pungens_cingulata,349,2202556,169,63,Stramenopiles,0,0,0,0,0,0,0,0,0,0,0,0,0,0,0,111,0,0,0,0,0,0
350_Pseudo-nitzschia_pungens_pungens,350,1001703,157,63,Stramenopiles,0.92,0,0,0,0,0,0,0,0,0,0,0,0,0,0,108,0,1,0,0,0,0
351_Rosalina_sp,351,2695917,149,61,Rhizaria,16.98,0,0,0,0,0,0,0,0,0,4,0,0,44,0,0,0,0,0,0,0,5
352_Paraphysomonas_imperforata,352,37642,150,63,Stramenopiles,70.83,0,0,0,1,13,0,0,2,0,0,0,0,0,0,14,0,16,2,0,0,0
353_Paraphysomonas_imperforata,353,37642,118,63,Stramenopiles,61.76,0,0,0,0,14,0,0,3,0,0,0,0,0,0,13,0,2,2,0,0,0
354_Gloeochaete_witrockiana,354,38269,219,63,Glaucocystophyceae,100,0,0,0,0,0,0,0,8,0,3,0,0,0,0,5,11,4,0,0,0,1
355_Gloeochaete_wittrockiana,355,38269,265,63,Glaucocystophyceae,100,3,0,0,0,1,0,0,8,0,3,0,0,0,0,7,14,4,0,0,0,2
356_Rhodella_violacea,356,2801,198,63,Rhodophyta,4.35,0,0,0,0,0,0,0,0,0,1,0,0,0,44,0,0,1,0,0,0,0
357_Rhodella_violacea,357,2801,146,62,Rhodophyta,4,0,0,0,0,0,0,0,0,0,1,0,0,0,24,0,0,0,0,0,0,0
358_Gephyrocapsa_oceanica,358,38817,172,63,Haptophyta,2.67,0,2,0,0,0,0,0,73,0,0,0,0,0,0,0,0,0,0,0,0,0
359_Gephyrocapsa_oceanica,359,38817,167,63,Haptophyta,4.23,0,2,0,0,0,0,0,68,0,1,0,0,0,0,0,0,0,0,0,0,0
360_Gephyrocapsa_oceanica,360,38817,175,63,Haptophyta,4.41,0,3,0,0,0,0,0,65,0,0,0,0,0,0,0,0,0,0,0,0,0
361_Gephyrocapsa_oceanica,361,38817,162,63,Haptophyta,3.08,0,2,0,0,0,0,0,63,0,0,0,0,0,0,0,0,0,0,0,0,0
362_Pteridomonas_danica,362,38822,192,63,Stramenopiles,20.27,0,0,0,1,0,0,0,0,0,0,0,0,0,0,59,1,13,0,0,0,0
363_Pteridomonas_danica,363,38822,98,62,Stramenopiles,0,0,0,0,0,0,0,0,0,0,0,0,0,0,0,44,0,0,0,0,0,0
364_Micromonas_sp_CCMP2099,364,1442574,211,63,Viridiplantae,9.52,0,0,0,0,0,0,0,0,0,0,0,0,0,0,10,95,0,0,0,0,0
365_Micromonas_pusilla,365,38833,180,63,Viridiplantae,0,0,0,0,0,0,0,0,0,0,0,0,0,0,0,0,93,0,0,0,0,0
366_Micromonas_sp_CCMP1646,366,1659424,170,62,Viridiplantae,2,0,0,0,0,0,0,0,1,0,0,0,0,0,0,1,98,0,0,0,0,0
367_Micromonas_sp,367,2509521,218,63,Viridiplantae,0.85,0,0,0,0,0,0,0,0,0,0,0,0,1,0,0,116,0,0,0,0,0
368_Micromonas_sp,368,2509521,186,63,Viridiplantae,1.89,0,0,0,0,0,0,0,0,0,0,0,0,2,0,0,104,0,0,0,0,0
369_Micromonas_sp,369,2509521,200,63,Viridiplantae,0.87,0,0,0,0,0,0,0,0,0,0,0,0,1,0,0,114,0,0,0,0,0
370_Micromonas_sp,370,2509521,194,63,Viridiplantae,6.48,0,0,0,0,0,0,0,0,0,0,0,0,2,0,5,101,0,0,0,0,0
371_Micromonas_sp_CCMP2099,371,1442574,3,2,Viridiplantae,0,0,0,0,0,0,0,0,0,0,0,0,0,0,0,0,2,0,0,0,0,0
372_Micromonas_sp_CS222,372,1659427,151,63,Viridiplantae,3.41,0,0,0,0,0,0,0,0,0,0,0,0,3,0,0,85,0,0,0,0,0
373_Micromonas_sp,373,2509521,193,63,Viridiplantae,0.96,0,0,0,0,0,0,0,0,0,0,0,0,1,0,0,103,0,0,0,0,0
374_Micromonas_pusilla,374,38833,161,63,Viridiplantae,0,0,0,0,0,0,0,0,0,0,0,0,0,0,0,0,91,0,0,0,0,0
375_Micromonas_pusilla,375,38833,176,62,Viridiplantae,0,0,0,0,0,0,0,0,0,0,0,0,0,0,0,0,112,0,0,0,0,0
376_Micromonas_pusilla,376,38833,217,63,Viridiplantae,1.64,0,0,0,0,0,0,0,0,0,0,0,0,1,0,0,120,0,0,0,0,1
377_Micromonas_pusilla,377,38833,201,63,Viridiplantae,0.81,0,0,0,0,0,0,0,0,0,0,0,0,1,0,0,123,0,0,0,0,0
378_Heterosigma_akashiwo,378,2829,146,62,Stramenopiles,8.57,0,0,0,0,5,0,0,0,0,0,0,0,0,0,64,0,0,0,0,0,1
379_Heterosigma_akashiwo,379,2829,147,61,Stramenopiles,7.14,0,0,0,0,4,0,0,0,0,0,0,0,0,0,65,0,0,0,0,0,1
380_Heterosigma_akashiwo,380,2829,138,62,Stramenopiles,9.68,0,0,0,0,4,0,0,0,0,0,0,0,0,0,56,0,0,0,0,0,2
381_Heterosigma_akashiwo,381,2829,152,62,Stramenopiles,11.59,0,0,0,0,7,0,0,0,0,0,0,0,0,0,61,0,0,0,0,0,1
382_Gymnodinium_catenatum_GC744,382,1203019,875,63,Dinophyceae,9.7,0,0,0,0,214,0,0,7,0,1,0,0,0,0,13,0,0,2,0,0,0
384_Prorocentrum_minimum,384,39449,525,63,Dinophyceae,3.25,0,4,0,0,149,0,0,0,0,0,0,0,0,0,1,0,0,0,0,0,0
385_Prorocentrum_minimum,385,39449,314,60,Dinophyceae,3.9,0,3,0,0,74,0,0,0,0,0,0,0,0,0,0,0,0,0,0,0,0
386_Prorocentrum_minimum,386,39449,506,63,Dinophyceae,0,0,0,0,0,135,0,0,0,0,0,0,0,0,0,0,0,0,0,0,0,0
387_Prorocentrum_minimum,387,39449,524,63,Dinophyceae,2.08,0,3,0,0,141,0,0,0,0,0,0,0,0,0,0,0,0,0,0,0,0
388_Prorocentrum_minimum,388,39449,505,62,Dinophyceae,3.36,0,5,0,0,144,0,0,0,0,0,0,0,0,0,0,0,0,0,0,0,0
389_Prorocentrum_minimum,389,39449,563,63,Dinophyceae,2.1,0,3,0,0,140,0,0,0,0,0,0,0,0,0,0,0,0,0,0,0,0
390_Prorocentrum_minimum,390,39449,491,63,Dinophyceae,2.92,0,4,0,0,133,0,0,0,0,0,0,0,0,0,0,0,0,0,0,0,0
391_Alexandrium_minutum,391,39455,615,62,Dinophyceae,1.42,0,0,0,0,277,0,0,0,0,0,0,0,0,0,0,4,0,0,0,0,0
392_Condylostoma_magnum,392,40633,69,35,Ciliophora,14.29,0,12,0,0,0,0,0,0,0,0,0,0,0,0,1,0,0,0,0,0,1
393_Isochrysis_sp,393,40639,142,63,Haptophyta,57.33,0,43,0,0,0,0,0,32,0,0,0,0,0,0,0,0,0,0,0,0,0
394_Isochrysis_sp,394,40639,14,10,Haptophyta,50,0,4,0,0,0,0,0,4,0,0,0,0,0,0,0,0,0,0,0,0,0
395_Isochrysis_sp,395,40639,153,63,Haptophyta,54.55,0,42,0,0,0,0,0,35,0,0,0,0,0,0,0,0,0,0,0,0,0
396_Isochrysis_sp,396,40639,162,63,Haptophyta,56.1,0,46,0,0,0,0,0,36,0,0,0,0,0,0,0,0,0,0,0,0,0
397_Bathycoccus_prasinos,397,41875,165,63,Viridiplantae,0,0,0,0,0,0,0,0,0,0,0,0,0,0,0,0,108,0,0,0,0,0
398_Bathycoccus_prasinos,398,41875,210,63,Viridiplantae,0,0,0,0,0,0,0,0,0,0,0,0,0,0,0,0,131,0,0,0,0,0
399_Chloropicon_roscoffensis,399,1461544,183,63,Viridiplantae,0,0,0,0,0,0,0,0,0,0,0,0,0,0,0,0,119,0,0,0,0,0
400_Pycnococcus_provasolii,400,41880,179,63,Viridiplantae,0,0,0,0,0,0,0,0,0,0,0,0,0,0,0,0,121,0,0,0,0,0
401_Pycnococcus_provasolii,401,41880,164,62,Viridiplantae,0,0,0,0,0,0,0,0,0,0,0,0,0,0,0,0,109,0,0,0,0,0
402_Pycnococcus_provasolii,402,41880,168,63,Viridiplantae,0.88,0,0,0,0,0,0,0,0,0,0,0,0,0,0,0,112,1,0,0,0,0
403_Pycnococcus_provasolii,403,41880,175,62,Viridiplantae,0,0,0,0,0,0,0,0,0,0,0,0,0,0,0,0,115,0,0,0,0,0
404_Pelagodinium_beii,404,43686,599,63,Dinophyceae,3.06,0,0,0,0,222,0,0,0,0,0,0,0,0,0,7,0,0,0,0,0,0
405_Aureococcus_anophagefferens,405,44056,165,63,Stramenopiles,0.9,0,0,0,0,0,0,0,0,0,0,0,0,0,0,110,0,0,0,0,0,1
406_Aureococcus_anophagefferens,406,44056,155,63,Stramenopiles,0,0,0,0,0,0,0,0,0,0,0,0,0,0,0,108,0,0,0,0,0,0
407_Aureococcus_anophagefferens,407,44056,163,62,Stramenopiles,0,0,0,0,0,0,0,0,0,0,0,0,0,0,0,113,0,0,0,0,0,0
408_Aureococcus_anophagefferens,408,44056,155,62,Stramenopiles,0,0,0,0,0,0,0,0,0,0,0,0,0,0,0,109,0,0,0,0,0,0
409_Aureoumbra_lagunensis,409,44058,130,63,Stramenopiles,2.33,0,0,0,0,0,0,0,0,0,0,0,0,0,0,84,0,1,0,0,0,1
410_Aureoumbra_lagunensis,410,44058,177,63,Stramenopiles,12.5,0,0,0,0,0,0,0,0,0,11,0,0,0,0,98,0,2,0,0,0,1
411_Aureoumbra_lagunensis,411,44058,121,63,Stramenopiles,2.5,0,0,0,0,0,0,0,0,0,0,0,0,0,0,78,0,1,0,0,0,1
412_Aureoumbra_lagunensis,412,44058,139,63,Stramenopiles,1.09,0,0,0,0,0,0,0,0,0,0,0,0,0,0,91,0,0,0,0,0,1
413_Chattonella_subsalsa,413,44440,157,63,Stramenopiles,2.74,0,0,0,0,2,0,0,0,0,0,0,0,0,0,71,0,0,0,0,0,0
414_Chattonella_subsalsa,414,44440,160,61,Stramenopiles,1.2,0,0,0,0,1,0,0,0,0,0,0,0,0,0,82,0,0,0,0,0,0
415_Chattonella_subsalsa,415,44440,159,62,Stramenopiles,1.33,0,0,0,0,1,0,0,0,0,0,0,0,0,0,74,0,0,0,0,0,0
416_Chattonella_subsalsa,416,44440,191,62,Stramenopiles,1.04,0,0,0,0,1,0,0,0,0,0,0,0,0,0,95,0,0,0,0,0,0
417_Pseudo-nitzschia_australis,417,44445,136,63,Stramenopiles,0,0,0,0,0,0,0,0,0,0,0,0,0,0,0,104,0,0,0,0,0,0
418_Pseudo-nitzschia_australis,418,44445,149,63,Stramenopiles,0,0,0,0,0,0,0,0,0,0,0,0,0,0,0,116,0,0,0,0,0,0
419_Pseudo-nitzschia_australis,419,44445,131,63,Stramenopiles,0,0,0,0,0,0,0,0,0,0,0,0,0,0,0,101,0,0,0,0,0,0
420_Pseudo-nitzschia_australis,420,44445,134,63,Stramenopiles,0.98,0,0,0,1,0,0,0,0,0,0,0,0,0,0,101,0,0,0,0,0,0
421_Pseudo-nitzschia_delicatissima,421,44447,154,63,Stramenopiles,13.04,0,15,0,0,0,0,0,0,0,0,0,0,0,0,100,0,0,0,0,0,0
422_Pseudo-nitzschia_delicatissima,422,44447,135,63,Stramenopiles,0,0,0,0,0,0,0,0,0,0,0,0,0,0,0,103,0,0,0,0,0,0
423_Pavlova_gyrans,423,44452,138,62,Haptophyta,0,0,0,0,0,0,0,0,81,0,0,0,0,0,0,0,0,0,0,0,0,0
424_Chloropicon_primus,424,1764295,325,63,Viridiplantae,14.66,28,0,0,0,0,0,0,0,0,0,0,0,0,0,0,163,0,0,0,0,0
425_Anophryoides_haemophila,425,46462,21,17,Ciliophora,0,0,13,0,0,0,0,0,0,0,0,0,0,0,0,0,0,0,0,0,0,0
426_Anophryoides_haemophila,426,46462,26,20,Ciliophora,6.25,0,15,0,0,0,0,0,0,0,0,0,0,0,0,1,0,0,0,0,0,0
427_Geminigera_sp,427,2864123,230,63,Cryptophyceae,0,0,0,0,118,0,0,0,0,0,0,0,0,0,0,0,0,0,0,0,0,0
428_Geminigera_cryophila_CCMP2564,428,1202989,238,63,Cryptophyceae,0.77,0,0,0,129,0,0,0,0,0,0,0,0,0,0,0,0,0,0,0,0,1
429_Rhodomonas_abbreviata,429,46948,403,63,Cryptophyceae,28.41,0,0,0,126,1,0,0,14,0,1,0,0,0,0,30,0,0,3,0,0,1
430_Dinophysis_acuminata,430,47934,525,63,Dinophyceae,0,0,0,0,0,145,0,0,0,0,0,0,0,0,0,0,0,0,0,0,0,0
431_Chaetoceros_sp_UNC1202,431,1537840,212,63,Stramenopiles,17.95,0,0,0,0,0,0,0,0,0,0,0,0,0,0,96,0,21,0,0,0,0
432_Ditylum_brightwellii,432,49249,161,63,Stramenopiles,0,0,0,0,0,0,0,0,0,0,0,0,0,0,0,114,0,0,0,0,0,0
433_Ditylum_brightwellii,433,49249,130,63,Stramenopiles,0,0,0,0,0,0,0,0,0,0,0,0,0,0,0,97,0,0,0,0,0,0
434_Ditylum_brightwellii,434,49249,163,63,Stramenopiles,0,0,0,0,0,0,0,0,0,0,0,0,0,0,0,107,0,0,0,0,0,0
435_Ditylum_brightwellii,435,49249,139,63,Stramenopiles,0,0,0,0,0,0,0,0,0,0,0,0,0,0,0,100,0,0,0,0,0,0
436_Ditylum_brightwellii,436,49249,91,54,Stramenopiles,0,0,0,0,0,0,0,0,0,0,0,0,0,0,0,68,0,0,0,0,0,0
437_Ditylum_brightwellii,437,49249,138,63,Stramenopiles,1.1,0,0,0,0,0,0,0,0,0,0,0,0,0,0,90,1,0,0,0,0,0
438_Ditylum_brightwellii,438,49249,164,61,Stramenopiles,0,0,0,0,0,0,0,0,0,0,0,0,0,0,0,107,0,0,0,0,0,0
439_Ditylum_brightwellii,439,49249,328,63,Stramenopiles,17.96,0,9,0,0,26,0,0,0,0,0,0,0,0,0,169,0,2,0,0,0,0
440_Ditylum_brightwellii,440,49249,178,63,Stramenopiles,8.7,0,1,0,0,0,0,0,5,0,0,0,0,0,0,105,4,0,0,0,0,0
441_Eucampia_antarctica,441,49252,143,62,Stramenopiles,0,0,0,0,0,0,0,0,0,0,0,0,0,0,0,109,0,0,0,0,0,0
442_Thalassiosira_rotula,442,49265,172,63,Stramenopiles,14.91,0,17,0,0,0,0,0,0,0,0,0,0,0,0,97,0,0,0,0,0,0
443_Thalassiosira_rotula,443,49265,155,63,Stramenopiles,0,0,0,0,0,0,0,0,0,0,0,0,0,0,0,102,0,0,0,0,0,0
444_Thalassiosira_rotula,444,49265,143,63,Stramenopiles,0,0,0,0,0,0,0,0,0,0,0,0,0,0,0,101,0,0,0,0,0,0
445_Thalassiosira_rotula,445,49265,127,62,Stramenopiles,1.16,0,0,0,0,0,0,0,0,0,0,0,0,0,0,85,1,0,0,0,0,0
446_Thalassiosira_rotula,446,49265,5,3,Stramenopiles,0,0,0,0,0,0,0,0,0,0,0,0,0,0,0,4,0,0,0,0,0,0
447_Thalassiosira_rotula,447,49265,147,63,Stramenopiles,2,0,0,0,0,0,0,0,0,0,0,0,0,0,0,98,2,0,0,0,0,0
448_Climacostomum_virens,448,49980,500,63,Ciliophora,58.96,0,71,0,0,3,56,0,0,0,3,0,0,0,0,7,32,0,0,0,0,1
449_Polytomella_parva,449,51329,161,62,Viridiplantae,0,0,0,0,0,0,0,0,0,0,0,0,0,0,0,0,97,0,0,0,0,0
450_Rhodomonas_salina,450,52970,224,63,Cryptophyceae,0.81,0,0,0,122,1,0,0,0,0,0,0,0,0,0,0,0,0,0,0,0,0
451_Sarcinochrysis_sp_CCMP770,451,1411683,126,63,Stramenopiles,1.43,0,0,0,0,0,0,0,0,0,0,0,0,0,0,69,0,0,0,0,0,1
452_Tetraselmis_chuii,452,63592,169,63,Viridiplantae,17.05,0,15,0,0,0,0,0,0,0,0,0,0,0,0,0,73,0,0,0,0,0
453_Percolomonas_cosmopolitus,453,63605,122,63,Heterolobosea,40.74,0,0,0,0,0,0,0,0,16,2,0,0,0,0,0,1,6,0,0,0,2
454_Percolomonas_cosmopolitus,454,63605,128,63,Heterolobosea,14.29,0,0,0,0,0,1,0,0,48,1,0,0,0,0,2,0,0,0,0,0,4
455_Heterocapsa_triquestra,455,66468,395,63,Dinophyceae,47.18,0,67,0,0,75,0,0,0,0,0,0,0,0,0,0,0,0,0,0,0,0
456_Gonyaulax_spinifera,456,66791,592,63,Dinophyceae,4.69,0,0,0,0,183,0,0,0,0,0,0,0,0,0,8,1,0,0,0,0,0
457_Conticribra_weissflogii,457,1577725,149,63,Stramenopiles,0,0,0,0,0,0,0,0,0,0,0,0,0,0,0,101,0,0,0,0,0,0
458_Conticribra_weissflogii,458,1577725,208,63,Stramenopiles,0.71,0,0,0,0,0,0,0,0,0,0,0,0,0,0,139,0,0,0,0,0,1
459_Conticribra_weissflogii,459,1577725,144,60,Stramenopiles,0,0,0,0,0,0,0,0,0,0,0,0,0,0,0,97,0,0,0,0,0,0
460_Conticribra_weissflogii,460,1577725,150,62,Stramenopiles,0,0,0,0,0,0,0,0,0,0,0,0,0,0,0,102,0,0,0,0,0,0
461_Conticribra_weissflogii,461,1577725,166,62,Stramenopiles,0,0,0,0,0,0,0,0,0,0,0,0,0,0,0,110,0,0,0,0,0,0
462_Conticribra_weissflogii,462,1577725,160,61,Stramenopiles,0.96,0,0,0,0,0,0,0,0,0,0,0,0,0,0,103,1,0,0,0,0,0
463_Conticribra_weissflogii,463,1577725,197,63,Stramenopiles,0,0,0,0,0,0,0,0,0,0,0,0,0,0,0,128,0,0,0,0,0,0
464_Conticribra_weissflogii,464,1577725,138,63,Stramenopiles,0,0,0,0,0,0,0,0,0,0,0,0,0,0,0,95,0,0,0,0,0,0
465_Conticribra_weissflogii,465,1577725,165,62,Stramenopiles,0,0,0,0,0,0,0,0,0,0,0,0,0,0,0,106,0,0,0,0,0,0
466_Conticribra_weissflogii,466,1577725,146,62,Stramenopiles,0,0,0,0,0,0,0,0,0,0,0,0,0,0,0,102,0,0,0,0,0,0
467_Conticribra_weissflogii,467,1577725,169,63,Stramenopiles,0,0,0,0,0,0,0,0,0,0,0,0,0,0,0,113,0,0,0,0,0,0
468_Conticribra_weissflogii,468,1577725,162,62,Stramenopiles,0,0,0,0,0,0,0,0,0,0,0,0,0,0,0,111,0,0,0,0,0,0
469_Conticribra_weissflogii,469,1577725,153,62,Stramenopiles,0,0,0,0,0,0,0,0,0,0,0,0,0,0,0,98,0,0,0,0,0,0
470_Conticribra_weissflogii,470,1577725,173,63,Stramenopiles,0,0,0,0,0,0,0,0,0,0,0,0,0,0,0,121,0,0,0,0,0,0
471_Conticribra_weissflogii,471,1577725,143,62,Stramenopiles,0,0,0,0,0,0,0,0,0,0,0,0,0,0,0,94,0,0,0,0,0,0
473_Conticribra_weissflogii,473,1577725,136,62,Stramenopiles,0,0,0,0,0,0,0,0,0,0,0,0,0,0,0,91,0,0,0,0,0,0
474_Conticribra_weissflogii,474,1577725,151,63,Stramenopiles,0,0,0,0,0,0,0,0,0,0,0,0,0,0,0,104,0,0,0,0,0,0
475_Conticribra_weissflogii,475,1577725,142,62,Stramenopiles,0,0,0,0,0,0,0,0,0,0,0,0,0,0,0,96,0,0,0,0,0,0
476_Conticribra_weissflogii,476,1577725,144,63,Stramenopiles,0,0,0,0,0,0,0,0,0,0,0,0,0,0,0,100,0,0,0,0,0,0
477_Conticribra_weissflogii,477,1577725,137,63,Stramenopiles,0,0,0,0,0,0,0,0,0,0,0,0,0,0,0,94,0,0,0,0,0,0
478_Conticribra_weissflogii,478,1577725,141,62,Stramenopiles,0,0,0,0,0,0,0,0,0,0,0,0,0,0,0,98,0,0,0,0,0,0
479_Conticribra_weissflogii,479,1577725,144,63,Stramenopiles,0,0,0,0,0,0,0,0,0,0,0,0,0,0,0,98,0,0,0,0,0,0
480_Conticribra_weissflogii,480,1577725,134,62,Stramenopiles,0,0,0,0,0,0,0,0,0,0,0,0,0,0,0,93,0,0,0,0,0,0
481_Conticribra_weissflogii,481,1577725,142,63,Stramenopiles,0,0,0,0,0,0,0,0,0,0,0,0,0,0,0,98,0,0,0,0,0,0
482_Conticribra_weissflogii,482,1577725,144,62,Stramenopiles,0,0,0,0,0,0,0,0,0,0,0,0,0,0,0,100,0,0,0,0,0,0
483_Scrippsiella_trochoidea,483,71861,867,63,Dinophyceae,0.45,0,0,0,0,219,0,0,0,0,0,0,0,0,0,0,0,0,0,0,0,1
484_Scrippsiella_trochoidea,484,71861,854,62,Dinophyceae,1.49,0,0,0,0,198,0,0,0,0,0,0,0,0,0,2,0,0,0,0,0,1
485_Scrippsiella_trochoidea,485,71861,818,63,Dinophyceae,1.49,0,0,0,0,199,0,0,0,0,0,0,0,0,0,2,0,0,0,0,0,1
486_Prymnesium_polylepis,486,72548,140,62,Haptophyta,2.9,0,1,0,0,0,0,0,67,0,0,0,0,0,0,0,1,0,0,0,0,0
487_Prymnesium_polylepis,487,72548,171,63,Haptophyta,2.53,0,0,0,0,0,0,0,77,0,0,0,0,0,0,0,1,0,0,0,0,1
488_Prymnesium_polylepis,488,72548,158,63,Haptophyta,1.33,0,0,0,0,0,0,0,74,0,0,0,0,0,0,0,1,0,0,0,0,0
489_Prymnesium_polylepis,489,72548,162,63,Haptophyta,1.35,0,0,0,0,0,0,0,73,0,0,0,0,0,0,0,1,0,0,0,0,0
490_Prymnesium_polylepis,490,72548,158,63,Haptophyta,1.37,0,0,0,0,0,0,0,72,0,0,0,0,0,0,0,1,0,0,0,0,0
491_Eutreptiella_gymnastica,491,73025,203,63,Euglenozoa,4.23,0,0,0,0,0,136,0,0,0,0,1,0,0,0,0,0,2,0,0,0,3
492_Eutreptiella_gymnastica_sp_CCMP1594,492,1867818,145,63,Euglenozoa,5.77,0,0,0,1,0,98,0,0,0,0,0,0,0,0,1,1,1,0,0,0,2
493_Eutreptiella_gymnastica_sp_CCMP1594,493,1867818,138,63,Euglenozoa,5,0,0,0,0,0,95,0,0,0,0,0,0,0,0,1,1,1,0,0,0,2
494_Eutreptiella_gymnastica_sp_CCMP1594,494,1867818,144,63,Euglenozoa,5.94,0,0,0,0,0,95,0,0,0,0,0,0,0,0,1,2,1,0,0,0,2
495_Pyrodinium_bahamense,495,73915,424,63,Dinophyceae,1.06,0,0,0,0,186,0,0,0,0,0,0,0,0,0,1,0,0,0,0,0,1
496_Cyanoptyche_gloeocystis,496,77922,188,63,Glaucocystophyceae,17.86,0,0,0,0,0,0,23,2,0,0,0,0,0,0,0,3,0,0,0,0,0
497_Hemiselmis_rufescens,497,77926,298,63,Cryptophyceae,22.9,0,0,0,165,0,0,0,29,0,0,0,0,0,0,19,0,0,1,0,0,0
498_Hemiselmis_virescens,498,77927,283,63,Cryptophyceae,21.94,0,0,0,153,0,0,0,26,0,0,0,0,0,0,16,0,0,1,0,0,0
499_Proteomonas_sulcata,499,77928,213,62,Cryptophyceae,0,0,0,0,101,0,0,0,0,0,0,0,0,0,0,0,0,0,0,0,0,0
500_Acanthoeca_sp,500,2618734,260,63,Opisthokonta,71.62,0,0,0,0,0,0,0,0,0,21,0,0,0,0,1,0,52,0,0,0,0
501_Acanthoeca_sp,501,2618734,141,63,Opisthokonta,15.38,0,0,0,0,0,0,0,0,0,22,0,0,0,0,2,2,0,0,0,0,0
502_Mantoniella_antarctica,502,81844,162,63,Viridiplantae,0,0,0,0,0,0,0,0,0,0,0,0,0,0,0,0,98,0,0,0,0,0
503_Detonula_confervacea,503,83371,139,63,Stramenopiles,0,0,0,0,0,0,0,0,0,0,0,0,0,0,0,85,0,0,0,0,0,0
504_Aurantiochytrium_limacinum_ATCC_MYA-1381,504,717989,124,63,Stramenopiles,0,0,0,0,0,0,0,0,0,0,0,0,0,0,0,88,0,0,0,0,0,0
505_Aurantiochytrium_limacinum_ATCC_MYA-1381,505,717989,178,63,Stramenopiles,3.25,0,1,0,0,3,0,0,0,0,0,0,0,0,0,119,0,0,0,0,0,0
506_Aurantiochytrium_limacinum_ATCC_MYA-1381,506,717989,134,63,Stramenopiles,0,0,0,0,0,0,0,0,0,0,0,0,0,0,0,100,0,0,0,0,0,0
507_Aurantiochytrium_limacinum_ATCC_MYA-1381,507,717989,127,63,Stramenopiles,1.09,0,0,0,0,0,0,0,1,0,0,0,0,0,0,91,0,0,0,0,0,0
508_Picocystis_salinarum,508,88271,191,63,Viridiplantae,1.59,0,0,0,0,0,0,0,0,0,0,0,0,0,0,1,62,0,0,0,0,0
509_Picocystis_salinarum,509,88271,611,63,Viridiplantae,3.74,0,0,0,0,0,0,0,0,0,0,0,0,0,0,0,206,1,0,0,0,7
510_Amoebophrya_sp,510,88552,16,10,Dinophyceae,0,0,0,0,0,11,0,0,0,0,0,0,0,0,0,0,0,0,0,0,0,0
511_Spumella_elongata,511,89044,565,63,Stramenopiles,26.55,0,0,0,0,52,0,0,18,0,0,0,0,0,0,202,0,0,3,0,0,0
512_Polarella_glacialis,512,89957,646,63,Dinophyceae,0,0,0,0,0,466,0,0,0,0,0,0,0,0,0,0,0,0,0,0,0,0
513_Polarella_glacialis,513,89957,648,63,Dinophyceae,1.11,0,0,0,0,444,0,0,0,0,0,0,0,0,0,2,1,0,0,0,0,2
514_Heterocapsa_rotundata,514,89963,381,63,Dinophyceae,32.37,0,17,0,0,94,0,0,0,0,0,0,0,0,0,28,0,0,0,0,0,0
515_Lotharella_globosa,515,91324,229,63,Rhizaria,0.67,0,0,0,0,0,0,0,0,0,1,0,0,148,0,0,0,0,0,0,0,0
516_Lotharella_globosa,516,91324,216,63,Rhizaria,1.35,0,0,0,0,0,0,0,0,0,2,0,0,146,0,0,0,0,0,0,0,0
517_Lotharella_globosa,517,91324,205,63,Rhizaria,0.69,0,0,0,0,0,0,0,0,0,1,0,0,143,0,0,0,0,0,0,0,0
518_Norrisiella_sphaerica,518,552664,253,61,Rhizaria,6.42,0,0,0,0,0,0,0,0,0,0,0,0,175,0,0,0,1,1,0,0,10
519_Bolidomonas_sp_RCC2347,519,1606585,125,63,Stramenopiles,2.08,0,0,0,0,0,0,0,0,0,0,0,0,0,0,47,0,0,0,0,0,1
520_Bolidomonas_sp_RCC1657,520,1411661,122,63,Stramenopiles,2.08,0,0,0,0,0,0,0,0,0,0,0,0,0,0,47,0,1,0,0,0,0
521_Triparma_pacifica,521,91992,137,63,Stramenopiles,1.72,0,0,0,0,0,0,0,0,0,0,0,0,0,0,57,0,0,0,0,0,1
522_Fibrocapsa_japonica,522,94617,127,63,Stramenopiles,0,0,0,0,0,0,0,0,0,0,0,0,0,0,0,64,0,0,0,0,0,0
523_Vannella_sp,523,1973054,176,63,Amoebozoa,77.08,11,0,0,1,1,0,0,0,0,3,0,0,0,2,0,4,26,0,0,0,0
524_Vannella_robusta,524,1487602,133,62,Amoebozoa,15.52,49,0,0,0,0,0,0,0,0,1,0,0,0,0,0,7,0,0,0,0,1
525_unclassified_Labyrinthulomycetes_QPX,525,96639,297,63,Stramenopiles,45.45,0,0,0,0,22,0,0,0,0,51,0,0,0,0,90,0,0,0,0,0,2
526_unclassified_Labyrinthulomycetes_QPX,526,96639,111,62,Stramenopiles,16.67,0,0,0,0,10,0,0,0,0,0,0,0,0,0,55,0,0,0,0,0,1
527_unclassified_Labyrinthulomycetes_QPX,527,96639,133,63,Stramenopiles,30,0,13,0,0,10,0,0,0,0,0,0,0,0,0,56,0,0,0,0,0,1
528_unclassified_Labyrinthulomycetes_QPX,528,96639,286,63,Stramenopiles,39.46,0,1,0,0,19,0,0,0,0,36,0,0,0,0,89,0,1,0,0,0,1
529_Chromulina_nebulosa,529,96789,130,62,Stramenopiles,24.14,0,0,0,0,0,0,0,3,0,0,0,0,0,0,22,0,0,4,0,0,0
530_Prymnesium_parvum,530,97485,149,61,Haptophyta,3.23,0,1,0,0,0,0,0,60,0,0,0,0,0,0,0,0,0,0,0,0,1
531_Prymnesium_parvum,531,97485,166,63,Haptophyta,1.3,0,0,0,0,0,0,0,76,0,1,0,0,0,0,0,0,0,0,0,0,0
532_Prymnesium_parvum,532,97485,165,63,Haptophyta,2.9,0,0,0,0,0,0,0,67,0,0,0,0,0,0,0,0,0,0,0,0,2
533_Prymnesium_parvum,533,97485,169,63,Haptophyta,1.35,0,0,0,0,0,0,0,73,0,1,0,0,0,0,0,0,0,0,0,0,0
534_Prymnesium_parvum,534,97485,196,63,Haptophyta,8.11,0,0,0,0,1,0,0,68,0,0,0,0,0,0,4,0,0,0,0,0,1
535_Prymnesium_parvum,535,97485,180,63,Haptophyta,1.32,0,0,0,0,0,0,0,75,0,0,0,0,0,0,0,0,0,0,0,0,1
536_Dicrateria_rotunda,536,2703868,265,63,Haptophyta,49.04,39,0,0,0,0,0,0,53,0,2,0,0,0,0,0,7,1,1,0,0,1
537_Dinobryon_sp,537,1955563,140,63,Stramenopiles,40.62,0,0,0,1,0,0,0,10,0,0,0,0,0,0,19,0,0,2,0,0,0
538_Dinobryon_sp,538,1955563,129,63,Stramenopiles,37.04,0,0,0,0,0,0,0,8,0,0,0,0,0,0,17,0,0,2,0,0,0
539_Dinobryon_sp,539,1955563,129,63,Stramenopiles,40,0,0,0,0,1,0,0,8,0,1,0,0,0,0,18,0,0,2,0,0,0
540_unclassified_eukaryote,540,100272,151,63,None,NA,0,0,0,0,0,0,0,0,0,1,0,0,0,74,3,3,0,0,0,0,0
541_Rhodosorus_marinus,541,101924,536,63,Rhodophyta,6.92,0,0,0,0,0,0,0,0,0,8,1,0,0,296,1,0,0,0,0,0,12
542_Rhodosorus_marinus,542,101924,153,62,Rhodophyta,1.01,0,0,0,0,0,0,0,0,0,1,0,0,0,98,0,0,0,0,0,0,0
543_Symbiodinium_kawagutii,543,104179,319,63,Dinophyceae,6.57,0,0,0,0,199,0,0,0,0,0,0,14,0,0,0,0,0,0,0,0,0
544_Alexandrium_margalefi,544,109239,1377,63,Dinophyceae,8.19,0,2,0,0,572,0,0,0,0,12,0,0,0,0,3,0,34,0,0,0,0
545_Vaucheria_litorea,545,109269,471,63,Stramenopiles,22.67,1,0,0,0,32,0,0,0,0,1,0,0,0,0,116,0,0,0,0,0,0
546_Vaucheria_litorea,546,109269,432,63,Stramenopiles,25,25,0,0,0,2,0,0,0,0,2,0,0,0,0,105,6,0,0,0,0,0
547_Pelagophyceae_sp_RCC1024,547,464228,169,63,Stramenopiles,5.17,0,0,0,0,0,0,0,0,0,0,0,0,0,0,110,4,1,0,0,0,1
548_Phaeocystis_cordata,548,118079,384,63,Haptophyta,53.3,0,0,0,0,0,0,0,99,0,0,0,0,0,0,15,97,0,1,0,0,0
549_Exanthemachrysis_gayraliae,549,119497,166,63,Haptophyta,0,0,0,0,0,0,0,0,82,0,0,0,0,0,0,0,0,0,0,0,0,0
550_Chaetoceros_debilis,550,122233,132,63,Stramenopiles,0,0,0,0,0,0,0,0,0,0,0,0,0,0,0,91,0,0,0,0,0,0
551_Chaetoceros_debilis,551,122233,137,63,Stramenopiles,0,0,0,0,0,0,0,0,0,0,0,0,0,0,0,93,0,0,0,0,0,0
552_Phaeomonas_parva,552,124430,212,63,Stramenopiles,1.55,0,0,0,0,0,0,0,0,0,0,0,0,0,0,127,1,0,0,0,0,1
553_Sorites_sp,553,126664,495,63,Rhizaria,87.64,0,35,0,0,186,0,0,0,0,4,0,0,32,0,0,0,0,0,0,0,2
554_Calcidiscus_leptoporus,554,127549,175,63,Haptophyta,2.13,0,0,0,0,0,0,0,92,0,0,0,0,0,0,0,2,0,0,0,0,0
555_Protoceratium_reticulatum,555,133427,533,63,Dinophyceae,0,0,0,0,0,151,0,0,0,0,0,0,0,0,0,0,0,0,0,0,0,0
556_Cercozoa_sp,556,1980070,127,62,Rhizaria,80,0,0,0,0,0,0,0,1,0,0,0,0,2,0,0,5,2,0,0,0,0
557_Cercozoa_sp,557,1980070,126,63,Rhizaria,87.5,0,0,0,0,0,0,0,1,0,2,0,0,1,0,0,2,2,0,0,0,0
558_Filamoeba_nolandi,558,136452,126,63,Amoebozoa,23.08,10,0,0,0,0,0,0,0,0,0,0,0,0,0,0,0,1,0,0,0,2
559_Strombidinopsis_acuminatum,559,141414,608,63,Ciliophora,22.37,0,288,0,0,29,0,0,35,0,0,0,0,0,0,3,16,0,0,0,0,0
560_Akashiwo_sanguinea,560,143672,21,6,Dinophyceae,33.33,0,0,0,0,2,0,0,0,0,0,0,0,0,0,1,0,0,0,0,0,0
561_Euplotes_harpa,561,151035,137,60,Ciliophora,0,0,95,0,0,0,0,0,0,0,0,0,0,0,0,0,0,0,0,0,0,0
562_Nephroselmis_pyriformis,562,156128,553,63,Viridiplantae,32.09,0,0,0,0,0,0,0,0,0,0,0,0,0,0,0,91,37,0,0,0,6
563_Prasinococcus_capsulatus,563,156131,191,63,Viridiplantae,2.7,0,0,0,0,0,0,0,0,0,0,0,0,0,0,0,36,0,0,0,0,1
564_Prasinoderma_coloniale,564,156133,246,63,Viridiplantae,20.28,0,0,0,0,0,0,0,0,0,0,0,0,0,0,29,114,0,0,0,0,0
565_Chrysochromulina_cymbium,565,412154,162,63,Haptophyta,0,0,0,0,0,0,0,0,90,0,0,0,0,0,0,0,0,0,0,0,0,0
566_Haptolina_ericina,566,156174,168,63,Haptophyta,3.66,0,1,0,0,0,0,0,79,0,0,0,0,0,0,0,0,2,0,0,0,0
567_Karenia_brevis,567,156230,470,63,Dinophyceae,6.58,0,0,0,0,142,0,0,7,0,0,0,0,0,0,1,0,0,0,0,0,2
568_Karenia_brevis,568,156230,470,63,Dinophyceae,5.92,0,0,0,0,143,0,0,5,0,0,0,0,0,0,1,0,0,0,0,0,3
569_Karenia_brevis,569,156230,490,63,Dinophyceae,6.37,0,0,0,0,147,0,0,6,0,0,0,0,0,0,1,0,0,0,0,0,3
570_Karenia_brevis,570,156230,550,63,Dinophyceae,8.24,0,0,0,0,156,0,0,6,0,0,0,0,0,0,5,0,0,0,0,0,3
571_Karenia_brevis,571,156230,457,63,Dinophyceae,6.76,0,0,0,0,138,0,0,4,0,0,0,0,0,0,1,0,0,0,0,0,5
572_Karenia_brevis,572,156230,458,63,Dinophyceae,6.45,0,0,0,0,145,0,0,5,0,0,0,0,0,0,1,0,0,0,0,0,4
573_Karenia_brevis,573,156230,463,63,Dinophyceae,6.41,0,0,0,0,146,0,0,7,0,0,0,0,0,0,1,0,0,0,0,0,2
574_Karenia_brevis,574,156230,476,63,Dinophyceae,7.14,0,0,0,0,143,0,0,7,0,0,0,0,0,0,1,0,0,0,0,0,3
575_Karenia_brevis,575,156230,489,63,Dinophyceae,11.26,0,0,0,0,134,0,0,7,0,0,0,0,0,0,9,0,0,0,0,0,1
576_Karenia_brevis,576,156230,475,63,Dinophyceae,9.66,0,0,0,0,131,0,0,3,0,0,0,0,0,0,10,0,0,0,0,0,1
577_Karenia_brevis,577,156230,545,63,Dinophyceae,11.46,0,0,0,0,139,0,0,6,0,0,0,0,0,0,11,0,0,0,0,0,1
578_Karenia_brevis,578,156230,537,63,Dinophyceae,18.89,0,1,0,0,146,0,0,4,0,1,0,0,0,0,24,1,1,0,0,0,2
579_Thalassiosira_oceanica_CCMP1005,579,637379,134,63,Stramenopiles,0,0,0,0,0,0,0,0,0,0,0,0,0,0,0,96,0,0,0,0,0,0
580_Thalassiosira_oceanica_CCMP1005,580,637379,142,63,Stramenopiles,0,0,0,0,0,0,0,0,0,0,0,0,0,0,0,99,0,0,0,0,0,0
581_Thalassiosira_oceanica_CCMP1005,581,637379,139,63,Stramenopiles,0,0,0,0,0,0,0,0,0,0,0,0,0,0,0,95,0,0,0,0,0,0
582_Thalassiosira_oceanica_CCMP1005,582,637379,140,61,Stramenopiles,0,0,0,0,0,0,0,0,0,0,0,0,0,0,0,98,0,0,0,0,0,0
583_Amphidinium_massartii,583,160604,334,63,Dinophyceae,15.75,0,22,0,0,123,0,0,0,0,0,0,0,0,0,0,0,0,0,0,0,1
584_Kryptoperidinium_foliaceum,584,160619,761,63,Dinophyceae,39.75,0,0,0,0,144,0,0,3,0,0,0,0,0,0,91,1,0,0,0,0,0
585_Kryptoperidinium_foliaceum,585,160619,937,63,Dinophyceae,39.26,0,0,0,1,181,0,0,0,0,0,0,0,0,0,96,0,19,1,0,0,0
586_Kryptoperidinium_foliaceum,586,160619,772,63,Dinophyceae,37.8,0,0,0,0,153,0,0,0,0,0,0,0,0,0,93,0,0,0,0,0,0
587_Kryptoperidinium_foliaceum,587,160619,397,62,Dinophyceae,40.34,0,0,0,0,71,0,0,18,0,0,0,0,0,0,29,0,0,1,0,0,0
588_Lingulodinium_polyedrum,588,160621,376,63,Dinophyceae,0,0,0,0,0,121,0,0,0,0,0,0,0,0,0,0,0,0,0,0,0,0
589_Lingulodinium_polyedrum,589,160621,336,63,Dinophyceae,1.74,0,1,0,0,113,0,0,0,0,0,0,0,0,0,0,0,0,0,0,0,1
590_Lingulodinium_polyedrum,590,160621,368,63,Dinophyceae,0,0,0,0,0,113,0,0,0,0,0,0,0,0,0,0,0,0,0,0,0,0
591_Lingulodinium_polyedrum,591,160621,433,63,Dinophyceae,7.03,0,0,0,0,119,0,0,0,0,0,0,0,0,0,9,0,0,0,0,0,0
592_Cyclotella_striata,592,382364,141,63,Stramenopiles,0,0,0,0,0,0,0,0,0,0,0,0,0,0,0,93,0,0,0,0,0,0
593_Leptocylindrus_danicus,593,163516,205,63,Stramenopiles,0.71,0,0,0,0,0,0,0,0,0,0,0,0,0,0,139,0,1,0,0,0,0
594_Leptocylindrus_danicus,594,163516,146,63,Stramenopiles,0,0,0,0,0,0,0,0,0,0,0,0,0,0,0,90,0,0,0,0,0,0
595_Amorphochlora_amoebiformis,595,1561963,321,63,Rhizaria,1.28,0,0,0,0,0,0,0,0,0,0,0,0,231,0,0,0,0,0,0,0,3
596_Pinguiococcus_pyrenoidosus,596,172671,153,63,Stramenopiles,4.4,0,0,0,0,0,0,0,0,0,0,0,0,0,0,87,2,0,0,0,0,2
597_Triparma_eleuthera,597,172717,238,63,Stramenopiles,0,0,0,0,0,0,0,0,0,0,0,0,0,0,0,62,0,0,0,0,0,0
598_Symbiodinium_sp_CCMP421,598,174948,529,63,Dinophyceae,0.3,0,0,0,0,332,0,0,0,1,0,0,0,0,0,0,0,0,0,0,0,0
599_Paramoeba_aestuarina,599,180227,234,63,Amoebozoa,45.07,78,0,0,0,0,58,0,0,0,0,0,0,0,0,1,3,1,0,0,0,1
600_Strombidinopsis_sp,600,181622,398,63,Ciliophora,66.5,0,67,0,84,25,0,0,5,0,0,0,0,0,0,18,0,0,1,0,0,0
601_Favella_ehrenbergii,601,182087,216,63,Ciliophora,16.55,0,121,0,0,0,0,0,22,0,0,0,0,0,0,2,0,0,0,0,0,0
602_Pseudo-nitzschia_fraudulenta,602,183588,138,63,Stramenopiles,4,0,0,0,0,0,0,0,0,0,0,0,0,0,0,96,0,4,0,0,0,0
603_Pseudo-nitzschia_fraudulenta,603,183588,660,63,Stramenopiles,57.2,0,2,0,0,119,0,0,0,0,0,0,0,0,0,110,0,26,0,0,0,0
604_Pseudo-nitzschia_fraudulenta,604,183588,145,63,Stramenopiles,1.9,0,0,0,0,0,0,0,0,0,0,0,0,0,0,103,0,2,0,0,0,0
605_Pseudo-nitzschia_fraudulenta,605,183588,166,63,Stramenopiles,10.91,0,0,0,0,0,0,0,0,0,0,0,0,0,0,98,2,10,0,0,0,0
606_Thalassionema_frauenfeldii,606,186022,182,63,Stramenopiles,1.63,0,1,0,0,0,0,0,0,0,0,0,0,0,0,121,0,0,0,0,0,1
607_Fragilariopsis_kerguelensis,607,186038,163,62,Stramenopiles,0,0,0,0,0,0,0,0,0,0,0,0,0,0,0,117,0,0,0,0,0,0
608_Fragilariopsis_kerguelensis,608,186038,154,62,Stramenopiles,0,0,0,0,0,0,0,0,0,0,0,0,0,0,0,115,0,0,0,0,0,0
609_Fragilariopsis_kerguelensis,609,186038,158,62,Stramenopiles,0,0,0,0,0,0,0,0,0,0,0,0,0,0,0,119,0,0,0,0,0,0
610_Fragilariopsis_kerguelensis,610,186038,148,62,Stramenopiles,0,0,0,0,0,0,0,0,0,0,0,0,0,0,0,110,0,0,0,0,0,0
611_Fragilariopsis_kerguelensis,611,186038,192,62,Stramenopiles,0,0,0,0,0,0,0,0,0,0,0,0,0,0,0,126,0,0,0,0,0,0
612_Fragilariopsis_kerguelensis,612,186038,158,62,Stramenopiles,0,0,0,0,0,0,0,0,0,0,0,0,0,0,0,116,0,0,0,0,0,0
613_Fragilariopsis_kerguelensis,613,186038,150,62,Stramenopiles,0,0,0,0,0,0,0,0,0,0,0,0,0,0,0,107,0,0,0,0,0,0
614_Fragilariopsis_kerguelensis,614,186038,146,61,Stramenopiles,0,0,0,0,0,0,0,0,0,0,0,0,0,0,0,95,0,0,0,0,0,0
615_Entomoneis_sp_CCMP2396,615,1462468,143,63,Stramenopiles,0,0,0,0,0,0,0,0,0,0,0,0,0,0,0,95,0,0,0,0,0,0
616_uncultured_ciliate,616,187299,147,33,Ciliophora,94.74,0,3,0,0,0,0,0,0,0,0,0,0,0,0,0,0,54,0,0,0,0
617_Heterocapsa_arctica,617,192219,323,63,Dinophyceae,24.49,0,16,0,0,74,0,0,0,0,0,0,0,0,0,5,2,0,0,0,0,1
618_Chroomonas_mesostigmatica,618,195065,272,63,Cryptophyceae,7.53,0,0,0,172,0,0,0,0,0,0,0,0,0,0,0,0,14,0,0,0,0
619_Goniomonas_pacifica,619,195067,132,63,Cryptophyceae,76.92,0,0,0,3,0,0,0,0,0,0,0,0,0,0,3,5,1,0,0,0,1
620_Goniomonas_pacifica,620,195067,240,63,Cryptophyceae,91.67,0,0,0,4,0,0,0,0,0,0,0,0,0,0,3,0,39,0,0,0,2
621_Crustomastix_stigmata,621,195967,231,63,Viridiplantae,24.53,0,0,0,1,0,0,0,6,0,0,0,0,0,0,5,40,1,0,0,0,0
622_Dolichomastix_tenuilepis,622,195969,433,62,Viridiplantae,75.17,0,0,0,0,0,0,0,0,0,0,0,0,0,0,0,36,109,0,0,0,0
623_Strombidium_inclinatum,623,197538,195,62,Ciliophora,18.18,0,81,0,0,5,2,0,0,0,0,0,0,0,0,0,10,0,0,0,0,1
624_Paramoeba_atlantica,624,1077153,216,62,Amoebozoa,60.78,40,0,0,0,0,56,0,0,0,1,0,0,0,0,1,2,2,0,0,0,0
625_Aulacoseira_subarctica,625,202472,156,63,Stramenopiles,0,0,0,0,0,0,0,0,0,0,0,0,0,0,0,95,0,0,0,0,0,0
626_Grammatophora_oceanica,626,210454,134,62,Stramenopiles,0,0,0,0,0,0,0,0,0,0,0,0,0,0,0,84,0,0,0,0,0,0
627_Staurosira_sp,627,2884791,216,62,Stramenopiles,2.83,0,0,0,0,0,0,0,2,0,0,0,0,1,0,103,0,0,0,0,0,0
628_Striatella_unipunctata,628,210618,222,63,Stramenopiles,7.21,0,0,0,0,0,0,0,0,0,0,0,0,0,0,103,0,8,0,0,0,0
629_Lessardia_elongata,629,210733,107,25,Dinophyceae,0,0,0,0,0,31,0,0,0,0,0,0,0,0,0,0,0,0,0,0,0,0
630_Aplanochytrium_stocchinoi,630,215587,175,63,Stramenopiles,9.78,0,0,0,0,6,0,0,0,0,0,0,0,0,0,83,0,2,0,0,0,1
631_Aplanochytrium_stocchinoi,631,215587,125,62,Stramenopiles,11.94,0,0,0,0,6,0,0,0,0,0,0,0,0,0,59,0,2,0,0,0,0
632_Aplanochytrium_stocchinoi,632,215587,124,62,Stramenopiles,10.94,0,0,0,0,4,0,0,0,0,0,0,0,0,0,57,0,3,0,0,0,0
633_Aplanochytrium_stocchinoi,633,215587,125,62,Stramenopiles,7.46,0,0,0,0,4,0,0,0,0,0,0,0,0,0,62,0,1,0,0,0,0
634_Corethron_hystrix,634,216773,248,63,Stramenopiles,1.2,0,0,0,0,0,0,0,0,0,0,0,0,2,0,164,0,0,0,0,0,0
635_Proboscia_alata,635,216777,154,61,Stramenopiles,1.87,0,0,0,0,0,0,0,0,0,0,0,0,0,0,105,0,0,0,0,0,2
636_Proboscia_alata,636,216777,180,63,Stramenopiles,1.75,0,0,0,0,0,0,0,0,0,0,0,0,0,0,112,0,0,0,0,0,2
637_Cyclophora_tenuis,637,216820,225,63,Stramenopiles,0,0,0,0,0,0,0,0,0,0,0,0,0,0,0,150,0,0,0,0,0,0
638_Skeletonema_menzelii,638,216823,178,63,Stramenopiles,10.1,0,1,0,0,0,0,0,6,0,0,0,0,0,0,89,3,0,0,0,0,0
639_Skeletonema_menzelii,639,216823,208,63,Stramenopiles,13.08,0,0,0,0,0,0,0,8,0,0,0,0,0,0,93,6,0,0,0,0,0
640_Vexillifera_abyssalis,640,2301597,136,62,Amoebozoa,93.33,1,0,0,0,0,0,0,0,0,2,0,0,0,0,0,0,9,0,0,0,3
641_Corethron_pennatum,641,218684,78,56,Stramenopiles,19.15,0,0,0,0,0,0,0,0,0,0,0,0,8,0,38,1,0,0,0,0,0
642_Corethron_pennatum,642,218684,139,63,Stramenopiles,7.14,0,0,0,0,0,0,0,0,0,0,0,0,6,0,78,0,0,0,0,0,0
643_Coccolithus_braarudii,643,221442,389,63,Haptophyta,15.38,0,0,0,0,0,0,0,154,0,0,0,0,1,0,22,4,0,1,0,0,0
644_Protocruzia_adherens,644,223996,126,61,Ciliophora,17.65,1,14,0,0,0,0,0,0,0,1,0,0,0,0,0,0,0,0,0,0,1
645_Chlamydomonas_chlamydogama,645,225041,178,63,Viridiplantae,1.16,0,0,0,0,0,0,0,0,0,0,0,0,0,0,1,85,0,0,0,0,0
646_Bigelowiella_natans,646,227086,245,63,Rhizaria,3.49,0,0,0,0,0,0,0,0,0,0,0,0,166,0,0,0,1,0,0,0,5
647_Bigelowiella_natans,647,227086,273,63,Rhizaria,2.07,0,0,0,0,0,0,0,0,0,0,0,0,189,0,0,0,1,0,0,0,3
648_Bigelowiella_natans,648,227086,351,63,Rhizaria,2.22,0,0,0,0,0,0,0,0,0,0,0,0,264,0,0,0,1,0,0,0,5
649_Bigelowiella_natans,649,227086,261,63,Rhizaria,3.28,0,0,0,0,1,0,0,0,0,0,0,0,177,0,0,0,1,0,0,0,4
650_Chaetoceros_curvisetus,650,230516,100,56,Stramenopiles,0,0,0,0,0,0,0,0,0,0,0,0,0,0,0,62,0,0,0,0,0,0
651_Chaetoceros_curvisetus,651,230516,119,57,Stramenopiles,5.13,0,0,0,0,0,0,0,0,0,0,0,0,0,0,74,0,4,0,0,0,0
652_Symbiodinium_sp_Mp,652,230996,306,63,Dinophyceae,0,0,0,0,0,202,0,0,0,0,0,0,0,0,0,0,0,0,0,0,0,0
653_Symbiodinium_sp_Mp,653,230996,276,63,Dinophyceae,0.57,0,0,0,0,174,0,0,0,0,0,0,0,0,0,1,0,0,0,0,0,0
654_Symbiodinium_sp_Mp,654,230996,286,63,Dinophyceae,0,0,0,0,0,184,0,0,0,0,0,0,0,0,0,0,0,0,0,0,0,0
655_Symbiodinium_sp_Mp,655,230996,281,63,Dinophyceae,0,0,0,0,0,187,0,0,0,0,0,0,0,0,0,0,0,0,0,0,0,0
656_Cryptomonas_curvata,656,233186,221,63,Cryptophyceae,0,0,0,0,122,0,0,0,0,0,0,0,0,0,0,0,0,0,0,0,0,0
657_Florenciella_sp_RCC1587,657,1411684,168,62,Stramenopiles,0,0,0,0,0,0,0,0,0,0,0,0,0,0,0,89,0,0,0,0,0,0
658_Florenciella_sp_RCC1587,658,464225,160,61,Stramenopiles,0,0,0,0,0,0,0,0,0,0,0,0,0,0,0,92,0,0,0,0,0,0
659_Florenciella_parvula,659,236787,270,63,Stramenopiles,2.99,0,0,0,0,0,0,0,0,0,0,0,0,0,0,130,2,2,0,0,0,0
660_Florenciella_parvula,660,236787,139,62,Stramenopiles,0,0,0,0,0,0,0,0,0,0,0,0,0,0,0,78,0,0,0,0,0,0
661_Chaetoceros_neogracilis,661,240364,155,62,Stramenopiles,0,0,0,0,0,0,0,0,0,0,0,0,0,0,0,96,0,0,0,0,0,0
662_Chaetoceros_neogracilis,662,240364,178,63,Stramenopiles,16.82,0,0,0,0,0,0,0,0,0,0,0,0,0,0,89,0,18,0,0,0,0
663_Chaetoceros_neogracilis,663,240364,266,62,Stramenopiles,28.17,0,0,0,0,0,0,0,0,0,0,0,0,0,0,102,0,40,0,0,0,0
664_Chaetoceros_neogracilis,664,240364,209,62,Stramenopiles,14.29,0,0,0,0,0,0,0,0,0,0,0,0,0,0,102,0,17,0,0,0,0
666_Mayorella_sp_JJP-2003,666,242541,114,62,Amoebozoa,20,8,0,0,0,0,0,0,0,0,0,0,0,0,0,0,0,0,0,0,0,2
667_Picochlorum_oklahomensis,667,249345,279,63,Viridiplantae,41.06,0,0,0,0,3,0,0,0,0,0,0,0,0,0,59,89,0,0,0,0,0
668_Chrysoculter_rhomboideus,668,259385,156,62,Haptophyta,1.14,0,0,0,0,0,0,0,87,0,0,0,0,0,0,0,1,0,0,0,0,0
669_Minchinia_chitonis,669,262233,181,60,Rhizaria,77.08,0,0,0,0,0,0,0,0,0,0,0,0,22,0,29,45,0,0,0,0,0
670_Amphiprora_sp,670,2608610,196,62,Stramenopiles,0,0,0,0,0,0,0,0,0,0,0,0,0,0,0,120,0,0,0,0,0,0
671_Amphiprora_sp,671,2608610,154,63,Stramenopiles,0.99,0,0,0,0,0,0,0,0,0,0,0,0,0,0,100,0,1,0,0,0,0
672_Amphiprora_sp,672,2608610,148,63,Stramenopiles,0,0,0,0,0,0,0,0,0,0,0,0,0,0,0,101,0,0,0,0,0,0
673_Amphiprora_sp,673,2608610,116,62,Stramenopiles,0,0,0,0,0,0,0,0,0,0,0,0,0,0,0,83,0,0,0,0,0,0
674_Amphiprora_sp,674,2608610,134,63,Stramenopiles,0,0,0,0,0,0,0,0,0,0,0,0,0,0,0,96,0,0,0,0,0,0
675_Minutocellus_polymorphus,675,265543,161,63,Stramenopiles,0,0,0,0,0,0,0,0,0,0,0,0,0,0,0,102,0,0,0,0,0,0
676_Minutocellus_polymorphus,676,265543,131,63,Stramenopiles,0,0,0,0,0,0,0,0,0,0,0,0,0,0,0,91,0,0,0,0,0,0
677_Minutocellus_polymorphus,677,265543,92,44,Stramenopiles,0,0,0,0,0,0,0,0,0,0,0,0,0,0,0,59,0,0,0,0,0,0
678_Synedropsis_recta,678,265551,133,63,Stramenopiles,0,0,0,0,0,0,0,0,0,0,0,0,0,0,0,91,0,0,0,0,0,0
679_Amphora_coffeaeformis,679,265554,113,62,Stramenopiles,0,0,0,0,0,0,0,0,0,0,0,0,0,0,0,81,0,0,0,0,0,0
680_Amphora_coffeaeformis,680,265554,119,63,Stramenopiles,0,0,0,0,0,0,0,0,0,0,0,0,0,0,0,82,0,0,0,0,0,0
681_Amphora_coffeaeformis,681,265554,135,63,Stramenopiles,1.01,0,0,0,0,0,0,0,0,0,0,0,0,0,0,98,1,0,0,0,0,0
682_Thalassiosira_punctigera,682,265564,150,63,Stramenopiles,0,0,0,0,0,0,0,0,0,0,0,0,0,0,0,106,0,0,0,0,0,0
683_Extubocellulus_spinifer,683,265572,185,63,Stramenopiles,0,0,0,0,0,0,0,0,0,0,0,0,0,0,0,114,0,0,0,0,0,0
684_Extubocellulus_spinifer,684,265572,199,62,Stramenopiles,2.42,0,0,0,0,0,0,0,3,0,0,0,0,0,0,121,0,0,0,0,0,0
685_Extubocellulus_spinifer,685,265572,172,62,Stramenopiles,0,0,0,0,0,0,0,0,0,0,0,0,0,0,0,107,0,0,0,0,0,0
686_Extubocellulus_spinifer,686,265572,145,61,Stramenopiles,2.06,0,2,0,0,0,0,0,0,0,0,0,0,0,0,95,0,0,0,0,0,0
687_Stauroneis_constricta,687,265584,169,61,Stramenopiles,8.57,0,0,0,0,0,0,0,0,0,0,0,0,0,1,96,8,0,0,0,0,0
688_Skeletonema_grethea,688,267565,126,61,Stramenopiles,0,0,0,0,0,0,0,0,0,0,0,0,0,0,0,83,0,0,0,0,0,0
689_Skeletonema_dohrnii,689,267566,154,63,Stramenopiles,8.6,0,0,0,0,0,0,0,0,0,0,0,0,0,0,85,0,8,0,0,0,0
690_Skeletonema_dohrnii,690,267566,146,63,Stramenopiles,0,0,0,0,0,0,0,0,0,0,0,0,0,0,0,91,0,0,0,0,0,0
691_Skeletonema_marinoi,691,267567,148,63,Stramenopiles,0,0,0,0,0,0,0,0,0,0,0,0,0,0,0,102,0,0,0,0,0,0
692_Skeletonema_marinoi,692,267567,138,63,Stramenopiles,0,0,0,0,0,0,0,0,0,0,0,0,0,0,0,88,0,0,0,0,0,0
693_Skeletonema_marinoi,693,267567,145,62,Stramenopiles,1.03,0,1,0,0,0,0,0,0,0,0,0,0,0,0,96,0,0,0,0,0,0
694_Skeletonema_marinoi,694,267567,213,62,Stramenopiles,1.34,0,0,0,0,0,0,0,0,0,0,0,0,0,0,147,1,1,0,0,0,0
695_Skeletonema_marinoi,695,267567,132,63,Stramenopiles,0,0,0,0,0,0,0,0,0,0,0,0,0,0,0,88,0,0,0,0,0,0
696_Skeletonema_marinoi,696,267567,127,63,Stramenopiles,0,0,0,0,0,0,0,0,0,0,0,0,0,0,0,79,0,0,0,0,0,0
697_Skeletonema_marinoi,697,267567,146,63,Stramenopiles,2.11,0,0,0,0,0,0,0,0,0,0,0,0,0,0,93,1,1,0,0,0,0
698_Skeletonema_japonicum,698,267983,139,63,Stramenopiles,0,0,0,0,0,0,0,0,0,0,0,0,0,0,0,88,0,0,0,0,0,0
699_Apocalathium_aciculiferum,699,268820,606,63,Dinophyceae,45.15,0,0,0,0,130,0,0,0,0,0,0,0,0,0,107,0,0,0,0,0,0
700_Apocalathium_aciculiferum,700,268820,674,63,Dinophyceae,44.35,0,1,0,0,138,0,0,0,0,0,0,0,0,0,109,0,0,0,0,0,0
701_Scrippsiella_hangoei,701,268821,1456,63,Dinophyceae,50.11,0,0,0,0,226,0,0,0,0,0,0,0,0,0,226,0,0,0,0,0,1
702_Scrippsiella_hangoei,702,268821,536,62,Dinophyceae,58.62,0,0,0,0,84,0,0,0,0,0,0,0,0,0,119,0,0,0,0,0,0
703_Scrippsiella_hangoei,703,268821,1520,63,Dinophyceae,45.59,0,0,0,0,296,0,0,0,0,0,0,0,0,0,247,1,0,0,0,0,0
704_Mesodinium_pulex,704,283647,763,63,Ciliophora,88.66,3,22,0,6,118,0,0,6,0,2,0,0,0,1,26,3,1,4,0,0,2
705_Mesodinium_rubrum_CCMP2563,705,1203004,238,63,Ciliophora,100,0,0,0,103,0,0,0,0,0,3,0,0,0,0,0,0,0,0,0,0,1
706_Debaryomyces_hansenii_CBS767,706,284592,32,25,Opisthokonta,0,0,0,0,0,0,0,0,0,0,26,0,0,0,0,0,0,0,0,0,0,0
707_Debaryomyces_hansenii_CBS767,707,284592,133,62,Opisthokonta,0,0,0,0,0,0,0,0,0,0,100,0,0,0,0,0,0,0,0,0,0,0
708_Debaryomyces_hansenii_CBS767,708,284592,137,63,Opisthokonta,0,0,0,0,0,0,0,0,0,0,103,0,0,0,0,0,0,0,0,0,0,0
709_Debaryomyces_hansenii_CBS767,709,284592,126,62,Opisthokonta,0,0,0,0,0,0,0,0,0,0,93,0,0,0,0,0,0,0,0,0,0,0
710_Chrysocystis_fragilis,710,1411660,219,63,Stramenopiles,5.98,0,1,0,0,2,0,0,0,0,0,0,0,0,0,110,0,1,0,0,0,3
711_Togula_jolla,711,285029,504,63,Dinophyceae,19.87,0,0,0,0,125,0,0,16,0,0,0,0,0,0,13,0,0,1,0,0,1
712_Gyrodinium_dominans,712,285985,6,4,Dinophyceae,0,0,0,0,0,2,0,0,0,0,0,0,0,0,0,0,0,0,0,0,0,0
713_Cladocopium_sp_C1,713,2558453,474,63,Dinophyceae,29.64,0,1,0,0,197,0,0,0,0,1,0,0,0,0,20,59,2,0,0,0,0
714_Cladocopium_sp_C1,714,2558453,551,63,Dinophyceae,27.4,0,0,0,0,204,0,0,0,0,0,0,0,0,0,17,60,0,0,0,0,0
715_Pavlova_sp_CCMP459,715,298111,113,60,Haptophyta,0,0,0,0,0,0,0,0,64,0,0,0,0,0,0,0,0,0,0,0,0,0
716_Pavlova_sp_CCMP459,716,298111,144,62,Haptophyta,1.08,0,0,0,0,0,0,0,92,0,0,0,0,0,0,0,0,0,0,0,0,1
717_Pavlova_sp_CCMP459,717,298111,135,61,Haptophyta,0,0,0,0,0,0,0,0,78,0,0,0,0,0,0,0,0,0,0,0,0,0
718_Rhodomonas_sp,718,302021,257,62,Cryptophyceae,2.34,0,0,0,125,2,0,0,0,0,1,0,0,0,0,0,0,0,0,0,0,0
719_Rhodomonas_sp,719,302021,252,63,Cryptophyceae,1.59,0,0,0,124,2,0,0,0,0,0,0,0,0,0,0,0,0,0,0,0,0
720_Pseudokeronopsis_sp,720,1634380,151,58,Ciliophora,10.45,0,60,0,0,0,0,0,0,0,7,0,0,0,0,0,0,0,0,0,0,0
721_Pseudokeronopsis_sp,721,1634380,305,63,Ciliophora,52.5,21,57,0,0,0,0,0,5,0,3,0,0,0,0,23,3,0,8,0,0,0
722_Alexandrium_monilatum,722,311494,479,63,Dinophyceae,1.15,0,0,0,0,257,0,0,0,0,0,0,0,0,0,3,0,0,0,0,0,0
723_Alexandrium_monilatum,723,311494,498,63,Dinophyceae,4.6,0,0,0,0,249,0,0,0,0,0,0,0,0,0,12,0,0,0,0,0,0
724_Alexandrium_monilatum,724,311494,470,63,Dinophyceae,1.51,0,0,0,0,261,0,0,0,0,0,0,0,0,0,4,0,0,0,0,0,0
725_Alexandrium_monilatum,725,311494,541,63,Dinophyceae,5.14,0,0,0,0,295,0,0,0,0,0,0,0,0,0,16,0,0,0,0,0,0
726_Neobodo_designis,726,312471,125,60,Euglenozoa,3.41,0,0,0,0,0,85,0,0,0,0,0,0,0,0,0,0,0,0,0,0,3
727_Perkinsus_chesapeaki_ATCC_PRA-65,727,321610,71,27,Perkinsozoa,0,0,0,0,0,0,0,0,0,0,0,0,39,0,0,0,0,0,0,0,0,0
728_Chlamydomonas_sp_CCMP219,728,327068,216,63,Viridiplantae,0.87,0,0,0,0,0,0,0,0,0,0,0,0,0,0,0,114,1,0,0,0,0
729_Alexandrium_andersonii,729,327968,340,63,Dinophyceae,0,0,0,0,0,223,0,0,0,0,0,0,0,0,0,0,0,0,0,0,0,0
730_Lankesteria_abbottii,730,340204,17,8,None,NA,0,0,0,0,0,0,0,0,0,0,0,0,0,0,0,0,0,0,0,0,0
731_Fabrea_salina,731,342563,209,63,Ciliophora,28.7,0,77,0,0,1,0,0,0,0,0,0,0,0,0,28,2,0,0,0,0,0
732_Chromerida_sp_RM11,732,348535,237,63,Colpodellida,13.29,0,0,124,0,0,0,0,9,0,0,0,0,0,0,4,6,0,0,0,0,0
733_Rhodomonas_lens,733,354590,231,63,Cryptophyceae,0.79,0,0,0,125,1,0,0,0,0,0,0,0,0,0,0,0,0,0,0,0,0
734_Helicotheca_tamensis,734,374047,131,63,Stramenopiles,0,0,0,0,0,0,0,0,0,0,0,0,0,0,0,89,0,0,0,0,0,0
735_Cladocopium_sp_C15,735,377605,394,63,Dinophyceae,27.31,0,1,0,0,189,0,0,0,0,66,0,0,0,0,4,0,0,0,0,0,0
736_Cladocopium_sp_C15,736,377605,390,63,Dinophyceae,29.96,0,0,0,0,187,0,0,0,0,77,0,0,0,0,3,0,0,0,0,0,0
737_Thalassiosira_miniscula,737,385413,148,62,Stramenopiles,2.02,0,0,0,0,0,0,0,0,0,0,0,0,0,0,97,0,2,0,0,0,0
738_Thalassiosira_miniscula,738,385413,468,63,Stramenopiles,28.57,0,0,0,0,0,0,0,0,0,0,0,0,0,0,95,0,38,0,0,0,0
739_Thalassiosira_miniscula,739,385413,218,62,Stramenopiles,20.35,0,0,0,0,1,0,0,0,0,0,0,0,0,0,90,0,22,0,0,0,0
740_Thalassiosira_miniscula,740,385413,389,63,Stramenopiles,38.64,0,0,0,0,0,0,0,0,0,0,0,0,0,0,81,0,51,0,0,0,0
741_Durinskia_baltica,741,400756,564,63,Dinophyceae,48.28,0,0,0,0,105,0,0,0,0,4,0,0,0,0,94,0,0,0,0,0,0
742_Durinskia_baltica,742,400756,557,63,Dinophyceae,58.16,0,0,0,0,82,0,0,17,0,0,0,0,0,0,80,0,15,2,0,0,0
743_Karlodinium_micrum,743,407301,723,63,Dinophyceae,1.56,0,0,0,0,253,0,0,2,0,0,0,0,0,0,0,0,1,0,0,0,1
744_Karlodinium_micrum,744,407301,741,63,Dinophyceae,1.55,0,0,0,0,254,0,0,2,0,0,0,0,0,0,0,0,1,0,0,0,1
745_Karlodinium_micrum,745,407301,755,63,Dinophyceae,2.65,0,1,0,0,257,0,0,2,0,0,0,0,0,0,1,0,1,0,0,0,2
746_Chrysochromulina_rotalis,746,412157,153,62,Haptophyta,0,0,0,0,0,0,0,0,70,0,0,0,0,0,0,0,0,0,0,0,0,0
747_Scyphosphaera_apsteinii,747,418940,169,63,Haptophyta,2,0,1,0,0,0,0,0,49,0,0,0,0,0,0,0,0,0,0,0,0,0
748_Thalassiosira_gravida,748,420259,138,63,Stramenopiles,0,0,0,0,0,0,0,0,0,0,0,0,0,0,0,92,0,0,0,0,0,0
749_Thalassiosira_gravida,749,420259,159,63,Stramenopiles,0.97,0,0,0,0,0,0,0,0,0,0,0,0,0,0,102,1,0,0,0,0,0
750_Thalassiosira_gravida,750,420259,137,62,Stramenopiles,0,0,0,0,0,0,0,0,0,0,0,0,0,0,0,94,0,0,0,0,0,0
751_Thalassiosira_antarctica,751,420261,153,63,Stramenopiles,0,0,0,0,0,0,0,0,0,0,0,0,0,0,0,103,0,0,0,0,0,0
752_Thalassiosira_antarctica,752,420261,158,63,Stramenopiles,0,0,0,0,0,0,0,0,0,0,0,0,0,0,0,103,0,0,0,0,0,0
753_Thalassiosira_antarctica,753,420261,223,63,Stramenopiles,6.67,0,0,0,0,0,0,0,0,0,0,0,0,0,0,112,0,8,0,0,0,0
754_Thalassiosira_antarctica,754,420261,154,63,Stramenopiles,1.03,0,0,0,0,0,0,0,0,0,0,0,0,0,0,96,1,0,0,0,0,0
755_Attheya_septentrionalis,755,420275,145,63,Stramenopiles,4.9,0,0,1,0,0,0,0,0,0,0,0,0,0,0,97,3,0,0,0,0,1
756_Proboscia_inermis,756,420281,268,63,Stramenopiles,2.08,0,0,0,0,0,0,0,0,0,3,0,0,0,0,141,0,0,0,0,0,0
757_Ochromonas_sp_CCMP1393,757,420556,132,62,Stramenopiles,38.18,0,0,0,0,0,0,0,17,0,0,0,0,0,0,34,0,0,4,0,0,0
758_Ochromonas_sp_CCMP1393,758,420556,137,61,Stramenopiles,33.96,0,0,0,0,1,0,0,13,0,0,0,0,0,0,35,0,0,4,0,0,0
759_Chaetoceros_dichaeta,759,420782,138,62,Stramenopiles,3.49,0,0,0,0,0,0,0,0,0,0,0,0,0,0,83,3,0,0,0,0,0
760_Chaetoceros_affinis,760,426623,89,48,Stramenopiles,0,0,0,0,0,0,0,0,0,0,0,0,0,0,0,49,0,0,0,0,0,0
761_Chaetoceros_affinis,761,426623,158,63,Stramenopiles,0,0,0,0,0,0,0,0,0,0,0,0,0,0,0,100,0,0,0,0,0,0
762_Chaetoceros_affinis,762,426623,155,62,Stramenopiles,0,0,0,0,0,0,0,0,0,0,0,0,0,0,0,97,0,0,0,0,0,0
763_Chaetoceros_affinis,763,426623,98,55,Stramenopiles,0,0,0,0,0,0,0,0,0,0,0,0,0,0,0,60,0,0,0,0,0,0
764_Chaetoceros_brevis,764,426625,122,63,Stramenopiles,0,0,0,0,0,0,0,0,0,0,0,0,0,0,0,83,0,0,0,0,0,0
765_Gambierdiscus_australes,765,439317,299,63,Dinophyceae,17.36,10,0,0,0,100,0,0,0,0,0,0,0,0,0,11,0,0,0,0,0,0
766_Scrippsiella_hangoei,766,447022,724,62,Dinophyceae,52.13,0,1,0,0,135,0,0,0,0,0,0,0,0,0,145,0,0,0,0,0,1
767_Scrippsiella_hangoei,767,447022,647,63,Dinophyceae,54.14,0,1,0,0,122,0,0,0,0,0,0,0,0,0,143,0,0,0,0,0,0
768_Scrippsiella_hangoei,768,447022,730,63,Dinophyceae,49.83,0,0,0,0,149,0,0,0,0,0,0,0,0,0,148,0,0,0,0,0,0
769_Symbiodinium_sp_D1a,769,462645,1895,63,Dinophyceae,51.05,4,46,0,2,373,8,0,0,0,18,0,0,1,1,302,3,3,0,0,0,1
770_Chloroparvula_japonica,770,1411623,274,63,Viridiplantae,42.65,23,0,0,0,0,0,0,0,0,3,0,0,0,0,0,39,2,1,0,0,0
771_Chloropicon_mariensis,771,1606511,214,62,Viridiplantae,0,0,0,0,0,0,0,0,0,0,0,0,0,0,0,0,129,0,0,0,0,0
772_Chloropicon_laureae,772,464258,161,63,Viridiplantae,1.96,0,0,0,0,0,0,0,2,0,0,0,0,0,0,0,100,0,0,0,0,0
773_Chloropicon_roscoffensis,773,1461544,168,63,Viridiplantae,0,0,0,0,0,0,0,0,0,0,0,0,0,0,0,0,112,0,0,0,0,0
774_Picochlorum_sp_RCC944,774,464278,301,63,Viridiplantae,0,0,0,0,0,0,0,0,0,0,0,0,0,0,0,0,169,0,0,0,0,0
775_Hemiselmis_andersenii,775,464988,266,63,Cryptophyceae,6.74,0,0,0,180,0,0,0,0,0,0,0,0,0,0,0,0,13,0,0,0,0
776_Hemiselmis_andersenii,776,464988,228,63,Cryptophyceae,0,0,0,0,172,0,0,0,0,0,0,0,0,0,0,0,0,0,0,0,0,0
777_Hemiselmis_andersenii,777,464988,199,63,Cryptophyceae,0,0,0,0,148,0,0,0,0,0,0,0,0,0,0,0,0,0,0,0,0,0
778_Hemiselmis_andersenii,778,464988,205,63,Cryptophyceae,0,0,0,0,158,0,0,0,0,0,0,0,0,0,0,0,0,0,0,0,0,0
779_Hemiselmis_tepida,779,464990,309,63,Cryptophyceae,7.35,0,0,0,189,0,0,0,0,0,0,0,0,0,0,0,0,15,0,0,0,0
780_Pseudo-nitzschia_heimii,780,476441,147,63,Stramenopiles,0,0,0,0,0,0,0,0,0,0,0,0,0,0,0,108,0,0,0,0,0,0
781_Pavlovales_sp_CCMP2436,781,483367,182,63,Haptophyta,1.71,0,0,0,0,0,0,0,115,0,0,0,0,0,0,1,0,1,0,0,0,0
782_Pavlovales_sp_CCMP2436,782,483367,171,63,Haptophyta,1.68,0,0,0,0,0,0,0,117,0,0,0,0,0,0,2,0,0,0,0,0,0
783_Pavlovales_sp_CCMP2436,783,483367,159,63,Haptophyta,2.75,0,0,0,1,0,0,0,106,0,0,0,0,0,0,2,0,0,0,0,0,0
784_Pavlovales_sp_CCMP2436,784,483367,162,63,Haptophyta,0.92,0,0,0,0,0,0,0,108,0,0,0,0,0,0,1,0,0,0,0,0,0
785_Pedinellales_sp_CCMP2098,785,483369,250,63,Stramenopiles,17.74,0,0,0,0,0,0,0,3,0,0,0,0,0,0,102,0,17,0,0,0,2
786_Pedinellales_sp_CCMP2098,786,483369,167,63,Stramenopiles,3.66,0,0,0,0,0,0,0,2,0,0,0,0,0,0,79,0,1,0,0,0,0
787_Pedinellales_sp_CCMP2098,787,483369,136,63,Stramenopiles,0,0,0,0,0,0,0,0,0,0,0,0,0,0,0,65,0,0,0,0,0,0
788_Pedinellales_sp_CCMP2098,788,483369,180,63,Stramenopiles,1.15,0,0,0,0,0,0,0,0,0,1,0,0,0,0,86,0,0,0,0,0,0
789_Pelagophyceae_sp_CCMP2097,789,483370,129,63,Stramenopiles,5.06,0,0,0,0,0,1,0,0,0,0,0,0,0,0,75,0,1,0,0,0,2
790_Pelagophyceae_sp_CCMP2097,790,483370,144,63,Stramenopiles,10.34,0,0,0,0,0,1,0,1,0,0,0,0,0,0,78,0,1,0,0,0,6
791_Pelagophyceae_sp_CCMP2097,791,483370,207,63,Stramenopiles,21.9,0,0,0,0,0,19,0,1,0,0,0,0,0,0,82,0,1,0,0,0,2
792_Pelagophyceae_sp_CCMP2097,792,483370,139,63,Stramenopiles,3.57,0,0,0,0,0,0,0,0,0,0,0,0,0,0,81,0,1,0,0,0,2
793_Ochromonadaceae_sp_CCMP2298,793,483371,146,62,Stramenopiles,37.04,0,1,0,0,0,0,0,17,0,0,0,0,0,0,34,0,0,2,0,0,0
794_Ochromonadaceae_sp_CCMP2298,794,483371,223,63,Stramenopiles,43.1,0,0,0,0,0,0,0,21,0,1,0,0,0,0,33,0,0,2,0,0,1
795_Ochromonadaceae_sp_CCMP2298,795,483371,234,63,Stramenopiles,35.59,0,0,0,0,0,0,0,18,0,0,0,0,0,0,38,0,0,2,0,0,1
796_Ochromonadaceae_sp_CCMP2298,796,483371,224,63,Stramenopiles,37.93,0,2,0,0,0,0,0,17,0,0,0,0,0,0,36,0,0,2,0,0,1
797_Aristerstoma_sp_ATCC50986,797,485358,110,61,Ciliophora,3.7,0,26,0,0,0,0,0,0,0,1,0,0,0,0,0,0,0,0,0,0,0
798_Pessonella_sp_PRA-29,798,498008,117,62,Amoebozoa,66.67,1,0,0,0,0,0,0,0,0,1,0,0,0,0,0,1,0,0,0,0,0
799_Trichosphaerium_sp_ATCC40318,799,498012,120,61,Amoebozoa,66.67,1,0,0,0,0,0,0,0,0,1,0,0,0,0,0,1,0,0,0,0,0
800_Chromera_velia_CCMP2878,800,1169474,138,63,Colpodellida,1.9,0,0,103,0,0,0,0,0,0,0,0,0,0,0,0,2,0,0,0,0,0
801_Licmophora_paradoxa,801,515479,147,63,Stramenopiles,0,0,0,0,0,0,0,0,0,0,0,0,0,0,0,102,0,0,0,0,0,0
802_Stephanopyxis_turris,802,515487,240,63,Stramenopiles,1.08,0,0,0,0,0,0,0,0,0,0,0,0,0,0,92,0,0,0,0,0,1
803_Heterosigma_akashiwo_CCMP452,803,536046,131,61,Stramenopiles,10,0,0,0,0,4,0,0,0,0,0,0,0,0,0,54,0,0,0,0,0,2
804_Heterosigma_akashiwo_CCMP452,804,536046,134,60,Stramenopiles,6.35,0,0,0,0,3,0,0,0,0,0,0,0,0,0,59,0,0,0,0,0,1
805_Heterosigma_akashiwo_CCMP452,805,536046,120,60,Stramenopiles,8.93,0,0,0,0,4,0,0,0,0,0,0,0,0,0,51,0,0,0,0,0,1
806_Heterosigma_akashiwo_CCMP452,806,536046,126,60,Stramenopiles,5.36,0,0,0,0,3,0,0,0,0,0,0,0,0,0,53,0,0,0,0,0,0
807_Heterosigma_akashiwo_NIES-293,807,536047,201,62,Stramenopiles,25.27,0,0,0,0,3,4,0,0,0,1,0,0,0,0,68,0,14,0,0,0,1
808_Heterosigma_akashiwo_NIES-293,808,536047,244,63,Stramenopiles,28.45,0,0,0,0,3,11,0,0,0,1,0,0,0,0,83,0,17,0,0,0,1
809_Heterosigma_akashiwo_NIES-293,809,536047,254,63,Stramenopiles,21.54,0,0,0,1,5,2,0,0,0,0,0,0,0,0,102,0,18,0,0,0,2
810_Heterosigma_akashiwo_NIES-293,810,536047,192,63,Stramenopiles,27.47,0,0,0,1,3,0,0,0,0,0,0,0,0,0,66,0,20,0,0,0,1
811_Heterosigma_akashiwo_NIES-293,811,536047,199,63,Stramenopiles,25.25,0,0,0,1,4,0,0,0,0,0,0,0,0,0,74,0,19,0,0,0,1
812_Heterosigma_akashiwo_NIES-293,812,536047,193,63,Stramenopiles,3.7,0,0,0,0,3,0,0,0,0,0,0,0,0,0,104,0,0,0,0,0,1
813_Ostreococcus_mediterraneus,813,1486918,185,62,Viridiplantae,0.88,0,1,0,0,0,0,0,0,0,0,0,0,0,0,0,113,0,0,0,0,0
814_Ostreococcus_mediterraneus,814,1486918,153,62,Viridiplantae,0.99,0,0,0,0,0,0,0,0,0,0,0,0,0,0,0,100,0,0,0,0,1
815_Ostreococcus_mediterraneus,815,1486918,48,32,Viridiplantae,2.63,0,0,0,0,0,0,0,0,0,0,0,0,0,0,0,37,1,0,0,0,0
816_Bathycoccus_prasinos,816,41875,170,63,Viridiplantae,0.93,0,0,0,0,0,1,0,0,0,0,0,0,0,0,0,106,0,0,0,0,0
817_Ostreococcus_mediterraneus,817,1486918,195,62,Viridiplantae,0,0,0,0,0,0,0,0,0,0,0,0,0,0,0,0,131,0,0,0,0,0
818_Ostreococcus_mediterraneus,818,1486918,5,3,Viridiplantae,0,0,0,0,0,0,0,0,0,0,0,0,0,0,0,0,4,0,0,0,0,0
819_Ostreococcus_mediterraneus,819,1486918,191,62,Viridiplantae,3.85,0,0,0,0,0,0,0,0,0,0,0,0,0,0,0,125,0,0,0,0,5
820_Ostreococcus_lucimarinus,820,242159,190,62,Viridiplantae,0,0,0,0,0,0,0,0,0,0,0,0,0,0,0,0,129,0,0,0,0,0
821_Bigelowiella_longifila,821,552665,425,63,Rhizaria,6.41,0,0,0,0,0,0,0,0,0,0,0,0,321,0,0,0,5,0,0,0,17
822_Partenskyella_glossopodia,822,552666,343,63,Rhizaria,8.04,0,0,0,0,0,0,0,0,0,1,0,0,183,0,0,1,0,2,0,0,12
823_Tetraselmis_sp_GSL018,823,582737,157,63,Viridiplantae,1.09,0,1,0,0,0,0,0,0,0,0,0,0,0,0,0,91,0,0,0,0,0
824_Schmidingerella_taraikaensis,824,626734,847,63,Ciliophora,73.13,0,90,0,0,19,28,0,3,0,0,0,0,0,0,88,0,106,0,0,0,1
825_Schmidingerella_taraikaensis,825,626734,402,62,Ciliophora,45.7,0,82,0,0,12,9,0,1,0,0,0,0,0,0,37,0,8,1,0,0,1
826_Aplanochytrium_sp_PBS07,826,627963,126,63,Stramenopiles,9.68,0,0,0,0,4,0,0,0,0,0,0,0,0,0,56,0,2,0,0,0,0
827_Aplanochytrium_sp_PBS07,827,627963,124,63,Stramenopiles,7.41,0,0,0,0,3,0,0,0,0,0,0,0,0,0,50,0,1,0,0,0,0
828_Aplanochytrium_sp_PBS07,828,627963,118,63,Stramenopiles,7.69,0,0,0,0,3,0,0,0,0,0,0,0,0,0,48,0,1,0,0,0,0
829_Aplanochytrium_sp_PBS07,829,627963,112,63,Stramenopiles,7.69,0,0,0,0,3,0,0,0,0,0,0,0,0,0,48,0,0,0,0,0,1
830_Gymnochlora_sp_CCMP2014,830,629695,226,63,Rhizaria,2.38,0,0,0,0,0,0,0,0,0,0,0,0,123,0,0,0,0,0,0,0,3
831_Symbiodinium_sp_CCMP2430,831,631057,298,62,Dinophyceae,0,0,0,0,0,203,0,0,0,0,0,0,0,0,0,0,0,0,0,0,0,0
832_Symbiodinium_sp_CCMP2430,832,631057,304,63,Dinophyceae,0.98,0,0,0,0,203,0,0,0,0,0,0,0,0,0,0,1,1,0,0,0,0
833_Symbiodinium_sp_CCMP2430,833,631057,308,63,Dinophyceae,2,0,0,0,0,196,0,0,0,0,0,0,0,0,0,0,2,2,0,0,0,0
834_Azadinium_spinosum,834,632150,573,63,Dinophyceae,10.88,0,16,0,0,131,0,0,0,0,0,0,0,0,0,0,0,0,0,0,0,0
835_Azadinium_spinosum,835,632150,542,63,Dinophyceae,3.53,0,2,0,0,164,0,0,0,0,0,0,0,0,0,0,3,0,0,0,0,1
836_Azadinium_spinosum,836,632150,555,63,Dinophyceae,4.83,0,6,0,0,138,0,0,0,0,0,0,0,0,0,0,0,0,0,0,0,1
837_Lotharella_oceanica,837,641309,419,63,Rhizaria,1.18,0,0,0,0,0,0,0,0,0,1,0,0,336,0,2,0,0,0,0,0,1
838_Palpitomonas_bilix,838,652834,248,63,Palpitomonas,19.15,1,0,0,2,0,0,0,0,0,3,76,0,0,0,3,0,6,0,0,0,3
839_Litonotus_pictus,839,665100,109,61,Ciliophora,42.11,0,11,0,0,0,0,0,0,0,0,0,0,0,0,0,1,0,1,0,0,6
840_Coscinodiscus_wailesii,840,671091,139,63,Stramenopiles,0,0,0,0,0,0,0,0,0,0,0,0,0,0,0,88,0,0,0,0,0,0
841_Prasinoderma_singulare,841,676789,167,63,Viridiplantae,0,0,0,0,0,0,0,0,0,0,0,0,0,0,0,0,98,0,0,0,0,0
842_Tiarina_fusus,842,693140,1021,63,Ciliophora,93.84,52,25,0,114,68,0,0,15,0,6,0,0,0,0,110,11,0,0,0,0,5
843_Cryptophyta_sp_CCMP2293,843,697907,243,62,Cryptophyceae,22.22,0,0,0,98,0,0,0,0,0,2,0,0,0,0,26,0,0,0,0,0,0
844_Cryptophyta_sp_CCMP2293,844,697907,219,62,Cryptophyceae,1.85,0,0,0,106,0,0,0,0,0,0,0,0,0,0,1,0,0,0,0,0,1
845_Cryptophyta_sp_CCMP2293,845,697907,224,63,Cryptophyceae,8.18,0,0,0,101,0,0,0,0,0,0,0,0,0,0,8,0,0,0,0,0,1
846_Cryptophyta_sp_CCMP2293,846,697907,238,63,Cryptophyceae,11.21,0,0,0,103,0,0,0,0,0,0,0,0,0,0,12,0,0,0,0,0,1
847_Pseudo-nitzschia_arenysensis,847,697910,7,6,Stramenopiles,14.29,0,1,0,0,0,0,0,0,0,0,0,0,0,0,6,0,0,0,0,0,0
848_Timspurckia_oligopyrenoides,848,708627,144,62,Rhodophyta,3.3,0,0,0,0,1,0,0,0,0,2,0,0,0,88,0,0,0,0,0,0,0
849_Erythrolobus_madagascarensis,849,708628,135,63,Rhodophyta,4.88,0,0,0,0,0,0,0,0,0,1,0,0,0,78,0,2,1,0,0,0,0
850_Bigelowiella_natans_CCMP2755,850,753081,202,63,Rhizaria,4.35,0,0,0,0,0,0,0,0,0,0,0,0,132,0,0,0,0,0,0,0,6
851_Madagascaria_erythrocladiodes,851,753684,250,63,Rhodophyta,23.26,0,0,0,0,0,0,0,0,0,4,0,0,0,33,2,2,0,0,0,0,2
852_Guillardia_theta_CCMP2712,852,905079,352,61,Cryptophyceae,3.92,0,0,0,245,0,1,0,0,0,0,0,0,0,1,8,0,0,0,0,0,0
853_Tryblionella_compressa,853,913974,199,62,Stramenopiles,0,0,0,0,0,0,0,0,0,0,0,0,0,0,0,122,0,0,0,0,0,0
854_Tryblionella_compressa,854,913974,180,62,Stramenopiles,0,0,0,0,0,0,0,0,0,0,0,0,0,0,0,108,0,0,0,0,0,0
855_Tryblionella_compressa,855,913974,191,62,Stramenopiles,0,0,0,0,0,0,0,0,0,0,0,0,0,0,0,108,0,0,0,0,0,0
856_Tryblionella_compressa,856,913974,160,61,Stramenopiles,0,0,0,0,0,0,0,0,0,0,0,0,0,0,0,112,0,0,0,0,0,0
857_Elphidium_margaritaceum,857,933848,134,61,Rhizaria,19.05,0,0,0,0,0,0,0,0,0,1,0,0,34,0,0,3,0,0,0,0,4
858_Platyophrya_macrostoma,858,938130,398,63,Ciliophora,66.67,0,56,0,0,0,110,0,0,0,1,0,0,0,0,0,0,0,0,0,0,1
859_Chaetoceros_sp_GSL56,859,947934,167,63,Stramenopiles,11.93,0,13,0,0,0,0,0,0,0,0,0,0,0,0,96,0,0,0,0,0,0
860_Symbiodinium_sp_cladeA,860,993574,504,63,Dinophyceae,28.57,5,37,0,0,130,0,0,0,0,0,0,0,0,1,5,3,0,0,0,0,1
861_Pseudictyota_dubia,861,2749911,225,62,Stramenopiles,0,0,0,0,0,0,0,0,0,0,0,0,0,0,0,121,0,0,0,0,0,0
862_Perkinsus_marinus_ATCC_50439,862,1032511,105,40,Perkinsozoa,8.82,0,0,0,0,0,0,0,0,0,0,0,62,0,0,6,0,0,0,0,0,0
863_Chlamydomonas_leiostraca,863,1034604,159,62,Viridiplantae,0,0,0,0,0,0,0,0,0,0,0,0,0,0,0,0,92,0,0,0,0,0
864_Rhizochromulina_marina,864,1034831,205,63,Stramenopiles,0,0,0,0,0,0,0,0,0,0,0,0,0,0,0,123,0,0,0,0,0,0
865_Stygamoeba_regulata,865,1042828,259,63,Amoebozoa,65.38,9,0,0,0,0,0,0,0,0,3,0,0,0,0,0,14,0,0,0,0,0
866_Thalassiothrix_antarctica,866,1049557,143,63,Stramenopiles,1.04,0,0,0,0,0,0,0,0,0,0,0,0,0,0,95,0,0,0,0,0,1
867_Thalassiothrix_antarctica,867,1049557,148,63,Stramenopiles,0,0,0,0,0,0,0,0,0,0,0,0,0,0,0,101,0,0,0,0,0,0
868_Tetraselmis_astigmatica,868,1074897,168,63,Viridiplantae,5.41,0,2,0,0,0,0,0,0,0,0,0,0,0,0,2,70,0,0,0,0,0
869_Erythrolobus_australicus,869,1077150,134,63,Rhodophyta,1.22,0,0,0,0,0,0,0,0,0,1,0,0,0,81,0,0,0,0,0,0,0
870_Stereomyxa_ramosa,870,1078864,74,57,Amoebozoa,0,33,0,0,0,0,0,0,0,0,0,0,0,0,0,0,0,0,0,0,0,0
871_Strombidium_rassoulzadegani,871,1082188,280,62,Ciliophora,46.78,0,91,0,0,8,0,0,0,0,0,0,0,0,0,24,48,0,0,0,0,0
872_Chrysoreinhardia_sp,872,2972369,221,63,Stramenopiles,3.7,0,0,0,0,0,0,0,0,0,0,0,0,0,0,104,3,1,0,0,0,0
873_Chrysoreinhardia_sp_CCMP2950,873,1411690,164,63,Stramenopiles,1.11,0,0,0,0,0,0,0,0,0,0,0,0,0,0,89,0,0,0,0,0,1
874_Thraustochytrium_LLF1b,874,1112570,121,63,Stramenopiles,7.02,0,0,0,0,2,0,0,0,0,0,0,0,0,0,53,0,0,0,0,0,2
875_Thraustochytrium_LLF1b,875,1112570,128,63,Stramenopiles,3.39,0,0,0,0,1,0,0,0,0,0,0,0,0,0,57,0,0,0,0,0,1
876_Dactyliosolen_fragilissimus,876,1118495,145,62,Stramenopiles,0,0,0,0,0,0,0,0,0,0,0,0,0,0,0,98,0,0,0,0,0,0
877_Mamiellophyceae_sp_RCC2288,877,1155430,250,63,Viridiplantae,29.93,0,0,0,0,39,0,0,0,0,0,0,0,0,0,2,96,0,0,0,0,0
878_Astrosyne_radiata,878,1158023,354,63,Stramenopiles,13.88,0,2,0,0,0,0,0,0,0,0,0,0,0,0,180,0,27,0,0,0,0
879_Vitrella_brassicaformis_CCMP3155,879,1169540,144,62,Colpodellida,2.7,0,0,108,0,0,0,0,0,0,0,0,0,0,0,3,0,0,0,0,0,0
880_Synchroma_pusillum,880,1181717,148,63,Stramenopiles,12.5,0,0,0,0,0,0,0,0,0,0,0,0,0,0,21,2,1,0,0,0,0
881_Brandtodinium_nutriculum,881,1333877,587,63,Dinophyceae,0.93,0,1,0,0,320,0,0,0,0,0,0,0,0,0,1,1,0,0,0,0,0
882_Pterosperma_sp_CCMP1384,882,1461541,136,63,Viridiplantae,0,0,0,0,0,0,0,0,0,0,0,0,0,0,0,0,33,0,0,0,0,0
883_Chloropicon_maureeniae,883,1461542,226,63,Viridiplantae,10.48,0,0,0,0,0,0,0,0,0,0,0,0,0,0,10,94,1,0,0,0,0
884_Chloropicon_roscoffensis,884,1461544,258,63,Viridiplantae,30.86,0,0,0,0,0,0,0,31,0,0,0,0,0,0,18,112,0,1,0,0,0
885_Chloropicon_roscoffensis,885,1461544,190,63,Viridiplantae,0,0,0,0,0,0,0,0,0,0,0,0,0,0,0,0,121,0,0,0,0,0
886_Mantoniella_sp_CCMP1436,886,1461545,172,63,Viridiplantae,0.93,0,0,0,0,0,0,0,0,0,0,0,0,0,0,1,106,0,0,0,0,0
887_Chloropicon_roscoffensis,887,1461544,451,63,Viridiplantae,18.63,40,0,0,0,0,0,0,2,0,3,0,0,0,0,0,214,2,0,0,0,2
888_Stichococcus_sp_RCC1054,888,1461547,183,63,Viridiplantae,0,0,0,0,0,0,0,0,0,0,0,0,0,0,0,0,66,0,0,0,0,0
889_Pelagophyceae_sp_CCMP2135,889,1462469,180,62,Stramenopiles,14.14,0,0,6,0,0,0,0,0,0,0,0,0,0,0,85,7,1,0,0,0,0
890_Craspedostauros_australis,890,1486917,202,63,Stramenopiles,0,0,0,0,0,0,0,0,0,0,0,0,0,0,0,113,0,0,0,0,0,0
891_Sexangularia_sp,891,2624257,186,62,Amoebozoa,68.25,20,1,0,0,7,0,0,0,0,2,0,0,0,0,30,0,3,0,0,0,0
892_Symbiodinium_kawagutii,892,104179,340,63,Dinophyceae,4.35,0,0,0,0,220,0,0,0,0,0,0,10,0,0,0,0,0,0,0,0,0
893_Symbiodinium_kawagutii,893,104179,311,63,Dinophyceae,5.26,0,0,0,0,198,0,0,0,0,0,0,11,0,0,0,0,0,0,0,0,0
894_Symbiodinium_kawagutii,894,104179,368,63,Dinophyceae,3.83,0,0,0,0,226,0,0,0,0,0,0,9,0,0,0,0,0,0,0,0,0
895_Alexandrium_fundyense,895,2932,358,61,Dinophyceae,10.6,0,0,0,0,135,0,0,6,0,0,0,0,0,0,6,3,0,1,0,0,0
896_Alexandrium_tamarense,896,2926,339,60,Dinophyceae,10.92,0,0,0,0,155,0,0,0,0,0,0,0,0,0,0,0,19,0,0,0,0
897_Amphidinium_carterae,897,2961,234,59,Dinophyceae,2.13,0,0,0,0,92,0,0,1,0,0,0,0,0,0,1,0,0,0,0,0,0
898_Chaetoceros_curvisetus,898,230516,158,57,Stramenopiles,40,0,0,0,0,0,1,0,0,0,0,0,0,0,0,51,0,33,0,0,0,0
899_Perkinsus_marinus_ATCC_50439,899,1032511,37,20,Perkinsozoa,8.33,0,0,0,0,2,0,0,0,0,0,0,22,0,0,0,0,0,0,0,0,0
900_Perkinsus_chesapeaki_ATCC_PRA-65,900,321610,53,20,Perkinsozoa,2.7,0,0,0,0,1,0,0,0,0,0,0,36,0,0,0,0,0,0,0,0,0
