ref_id,marferret_name,tax_id,lineage.v1,data_type,data_source,pub_year
1,Minidiscus_spinulatus,2593073,diatom,TSA,Zenodo,2021
2,Minidiscus_variabilis,659878,diatom,TSA,Zenodo,2021
3,Minidiscus_comicus,2590921,diatom,TSA,Zenodo,2021
4,Thalassiosira_sp_RCC4219,2303173,diatom,TSA,Zenodo,2021
5,Thalassiosira_minima,340022,diatom,TSA,Zenodo,2021
6,Minidiscus_sp_RCC4590,1960173,diatom,TSA,Zenodo,2021
7,Minidiscus_sp_RCC4582,1960170,diatom,TSA,Zenodo,2021
8,Thalassiosira_sp_RCC4606,1960195,diatom,TSA,Zenodo,2021
9,Thalassiosira_minima,340022,diatom,TSA,Zenodo,2021
10,Minidiscus_sp_RCC4584,1960171,diatom,TSA,Zenodo,2021
11,Stramenopiles_sp_TOSAG41-2,1735746,stramenopile,SAG,TARA,2018
12,Stramenopiles_sp_TOSAG23-6,1735747,stramenopile,SAG,TARA,2018
13,Stramenopiles_sp_TOSAG23-1,1735742,stramenopile,SAG,TARA,2018
14,Stramenopiles_sp_TOSAG23-2,1735743,stramenopile,SAG,TARA,2018
15,Stramenopiles_sp_TOSAG41-1,1735744,stramenopile,SAG,TARA,2018
16,Stramenopiles_sp_TOSAG23-3,1735745,stramenopile,SAG,TARA,2018
17,Chrysophyceae_sp_TOSAG23-4,1735748,stramenopile,SAG,TARA,2018
18,Chrysophyceae_sp_TOSAG23-5,1735749,stramenopile,SAG,TARA,2018
19,Calanus_finmarchicus,6837,metazoa,TSA,NCBI,2014
20,Calanus_glacialis,113644,metazoa,TSA,NCBI,2015
21,Neocalanus_flemingeri,119369,metazoa,TSA,NCBI,2018
22,Acartia_tonsa,136180,metazoa,TSA,NCBI,2017
23,Eurytemora_affinis,88015,metazoa,TSA,NCBI,2016
24,Labidocera_madurae,1501138,metazoa,TSA,NCBI,2017
25,Tigriopus_californicus,6832,metazoa,TSA,NCBI,2015
26,Tigriopus_kingsejongensis,1133412,metazoa,TSA,NCBI,2015
27,Tigriopus_japonicus,158387,metazoa,TSA,NCBI,2015
28,Paracyclopina_nana,565004,metazoa,TSA,NCBI,2015
29,Eucyclops_serrulatus,84317,metazoa,TSA,NCBI,2014
30,Lepeophtheirus_salmonis,72036,metazoa,TSA,NCBI,2015
31,Caligus_rogercresseyi,217165,metazoa,TSA,NCBI,2014
32,Pleuromamma_xiphias,503034,metazoa,TSA,NCBI,2018
33,Nitzschia_sp_Nitz4,2041349,diatom,TSA,NCBI,2020
34,Phaeocystis_globosa,33658,haptophyte,TSA,Zenodo,2018
35,Ankylochrysis_sp_RCC2491,1764641,ochrophyte,TSA,RCC,2020
36,Aureococcus_anophagefferens,44056,ochrophyte,TSA,RCC,2020
37,Bigelowiella_natans,227086,rhizaria,TSA,RCC,2020
38,Bigelowiella_sp_RCC560,1764863,rhizaria,TSA,RCC,2020
39,Pelagomonas_calceolata,35677,ochrophyte,TSA,RCC,2020
40,Chloroparvula_sp_RCC696,2565275,chlorophyte,TSA,RCC,2020
41,Chloroparvula_sp_RCC999,464255,chlorophyte,TSA,RCC,2020
42,Chloropicon_maureeniae,1461542,chlorophyte,TSA,RCC,2020
43,Chloropicon_sp_CCMP2113,2864388,chlorophyte,TSA,RCC,2020
44,Chroodactylon_ramnosum,139907,rhodophyte,TSA,RCC,2020
45,Emiliania_huxleyi,2903,haptophyte,TSA,RCC,2020
46,Emiliania_huxleyi,2903,haptophyte,TSA,RCC,2020
47,Emiliania_huxleyi,2903,haptophyte,TSA,RCC,2020
48,Pelagomonas_calceolata,35677,ochrophyte,TSA,RCC,2020
49,Gephyrocapsa_muellerae,1663125,haptophyte,TSA,RCC,2020
50,Pelagomonas_calceolata,35677,ochrophyte,TSA,RCC,2020
51,Glossomastix_chrysoplasta,172669,ochrophyte,TSA,RCC,2020
52,Guinardia_flaccida,216801,diatom,TSA,RCC,2020
53,Naviculales_sp_RCC2677,1764899,diatom,TSA,RCC,2020
54,Mesopedinella_arctica,296676,ochrophyte,TSA,RCC,2020
55,Micromonas_commoda,1606511,chlorophyte,TSA,RCC,2020
56,Minidiscus_sp_RCC1721,2604711,diatom,TSA,RCC,2020
57,Navicula_sp_RCC3092,1764896,diatom,TSA,RCC,2020
58,Ochromonas_triangulata,1964564,ochrophyte,TSA,RCC,2020
59,Phaeocystis_sp_RCC908,464236,haptophyte,TSA,RCC,2020
60,Partenskyella_glossopodia,552666,rhizaria,TSA,RCC,2020
61,Pelagomonas_calceolata,35677,ochrophyte,TSA,RCC,2020
62,Pelagophyceae_sp_RCC2696,1764647,ochrophyte,TSA,RCC,2020
63,Phaeocystis_antarctica,33657,haptophyte,TSA,RCC,2020
64,Phaeocystis_antarctica,33657,haptophyte,TSA,RCC,2020
65,Phaeocystis_cordata,118079,haptophyte,TSA,RCC,2020
66,Phaeocystis_globosa,33658,haptophyte,TSA,RCC,2020
67,Phaeocystis_rex_RA-2015b,1631190,haptophyte,TSA,RCC,2020
68,Phaeocystis_globosa,33658,haptophyte,TSA,RCC,2020
69,Phaeocystis_sp_RCC851,464232,haptophyte,TSA,RCC,2020
70,Phaeocystis_sp_RCC935,464238,haptophyte,TSA,RCC,2020
71,Pleurosigma_sp_RCC3090,1764931,diatom,TSA,RCC,2020
72,Thalassiosira_bioculata,1048533,diatom,TSA,RCC,2020
73,Synedra_sp_RCC2510,1764925,diatom,TSA,RCC,2020
74,Triparma_pacifica,91992,ochrophyte,TSA,RCC,2020
75,Triparma_pacifica,91992,ochrophyte,TSA,RCC,2020
76,Amoebophrya_sp_AT5_2,1775427,dinoflagellate,genome,JGI-Phycocosm,2019
77,Aplanochytrium_kerguelense_PBS07,702273,stramenopile,genome,JGI-Phycocosm,2013
78,Aurantiochytrium_limacinum,717989,stramenopile,genome,JGI-Phycocosm,2012
79,Aureococcus_anophagefferens,44056,ochrophyte,genome,JGI-Phycocosm,2011
80,Auxenochlorella_protothecoides_0710,1432497,chlorophyte,genome,JGI-Phycocosm,2014
81,Auxenochlorella_protothecoides,3075,chlorophyte,genome,JGI-Phycocosm,2018
82,Bathycoccus_prasinos_RCC1105,1075084,chlorophyte,genome,JGI-Phycocosm,2012
83,Bigelowiella_natans_CCMP2755,753081,rhizaria,genome,JGI-Phycocosm,2012
84,Blastocystis_hominis,12968,chlorophyte,genome,JGI-Phycocosm,2011
85,Botryococcus_braunii_Showa,1202541,chlorophyte,genome,JGI-Phycocosm,2017
86,Breviolum_minutum,2499525,dinoflagellate,genome,JGI-Phycocosm,2013
87,Caulerpa_lentillifera,148947,chlorophyte,genome,JGI-Phycocosm,2019
88,Chara_braunii,69332,chlorophyte,genome,JGI-Phycocosm,2018
89,Chlamydomonas_eustigma,1157962,chlorophyte,genome,JGI-Phycocosm,2017
90,Chlamydomonas_incerta,51695,chlorophyte,genome,JGI-Phycocosm,2021
91,Chlamydomonas_reinhardtii,3055,chlorophyte,genome,JGI-Phycocosm,2007
92,Chlamydomonas_schloesseri,2026947,chlorophyte,genome,JGI-Phycocosm,2021
93,Chlorella_sp_A99,2041167,chlorophyte,genome,JGI-Phycocosm,2018
94,Chlorella_sorokiniana,3076,chlorophyte,genome,JGI-Phycocosm,2018
95,Chlorella_sorokiniana,3076,chlorophyte,genome,JGI-Phycocosm,2018
96,Chlorella_sorokiniana,3076,chlorophyte,genome,JGI-Phycocosm,2018
97,Chlorella_sorokiniana,3076,chlorophyte,genome,JGI-Phycocosm,2018
98,Chlorella_variabilis,554065,chlorophyte,genome,JGI-Phycocosm,2010
99,Chlorokybus_atmophyticus,3144,chlorophyte,genome,JGI-Phycocosm,2020
100,Chloropicon_primus,1764295,chlorophyte,genome,JGI-Phycocosm,2019
101,Chondrus_crispus,2769,rhodophyte,genome,JGI-Phycocosm,2013
102,Chromochloris_zofingiensis,31302,chlorophyte,genome,JGI-Phycocosm,2017
103,Chrysochromulina_parva,127563,haptophyte,genome,JGI-Phycocosm,2019
104,Chrysochromulina_tobin,1460289,haptophyte,genome,JGI-Phycocosm,2015
105,Cladocopium_goreaui,2562237,dinoflagellate,genome,JGI-Phycocosm,2018
106,Cladosiphon_okamuranus,309737,ochrophyte,genome,JGI-Phycocosm,2016
107,Coccomyxa_subellipsoidea,574566,chlorophyte,genome,JGI-Phycocosm,2012
108,Cryptophyta_sp_CCMP2293,697907,cryptophyte,genome,JGI-Phycocosm,2017
109,Cyanidioschyzon_merolae,45157,rhodophyte,genome,JGI-Phycocosm,2019
110,Cyanidioschyzon_merolae_10D,280699,rhodophyte,genome,JGI-Phycocosm,2007
111,Cyanophora_paradoxa,2762,glaucophyte,genome,JGI-Phycocosm,2019
112,Cyclotella_cryptica,29204,diatom,genome,JGI-Phycocosm,2016
113,Dunaliella_salina,3046,chlorophyte,genome,JGI-Phycocosm,2017
114,Ectocarpus_siliculosus,2880,ochrophyte,genome,JGI-Phycocosm,2010
115,Edaphochlamys_debaryana,47281,chlorophyte,genome,JGI-Phycocosm,2021
116,Emiliania_huxleyi_CCMP1516,280463,haptophyte,genome,JGI-Phycocosm,2013
117,Enallax_costatus,113528,chlorophyte,genome,JGI-Phycocosm,2018
118,Fistulifera_solaris,1519565,diatom,genome,JGI-Phycocosm,2015
119,Flechtneria_rotunda,269715,chlorophyte,genome,JGI-Phycocosm,2018
120,Fragilariopsis_cylindrus_CCMP1102,635003,diatom,genome,JGI-Phycocosm,2017
121,Fugacium_kawagutii,2697096,dinoflagellate,genome,JGI-Phycocosm,2015
122,Galdieria_phelgrea,1389228,rhodophyte,genome,JGI-Phycocosm,2019
123,Galdieria_sulphuraria,130081,rhodophyte,genome,JGI-Phycocosm,2019
124,Giardia_lamblia_ATCC50803,184922,other,genome,JGI-Phycocosm,2007
125,Gonium_pectorale,33097,chlorophyte,genome,JGI-Phycocosm,2016
126,Gracilariopsis_chorda,448386,rhodophyte,genome,JGI-Phycocosm,2018
127,Guillardia_theta_CCMP2712,905079,cryptophyte,genome,JGI-Phycocosm,2012
128,Hyaloperonospora_arabidopsidis_Emoy2,559515,stramenopile,genome,JGI-Phycocosm,2010
129,Klebsormidium_nitens,105231,Viridiplantae,genome,JGI-Phycocosm,2014
130,Mesostigma_viride,41882,Viridiplantae,genome,JGI-Phycocosm,2020
131,Mesotaenium_endlicherianum,184485,Viridiplantae,genome,JGI-Phycocosm,2019
132,Micractinium_conductrix,554055,chlorophyte,genome,JGI-Phycocosm,2018
133,Micromonas_commoda,296587,chlorophyte,genome,JGI-Phycocosm,2009
134,Micromonas_pusilla_CCMP1545,564608,chlorophyte,genome,JGI-Phycocosm,2009
135,Minidiscus_variabilis,659878,diatom,genome,JGI-Phycocosm,2020
136,Monoraphidium_neglectum,145388,chlorophyte,genome,JGI-Phycocosm,2013
137,Naegleria_gruberi,5762,other,genome,JGI-Phycocosm,2010
138,Nannochloropsis_gaditana,72520,ochrophyte,genome,JGI-Phycocosm,2014
139,Nannochloropsis_oceanica_CCMP1779,1149776,ochrophyte,genome,JGI-Phycocosm,2017
140,Nannochloropsis_salina_CCMP1776,1027361,ochrophyte,genome,JGI-Phycocosm,2019
141,Nemacystus_decipiens,2185085,ochrophyte,genome,JGI-Phycocosm,2019
142,Nitzschia_inconspicua,303405,diatom,genome,JGI-Phycocosm,2021
143,Ochromonadaceae_sp_CCMP2298,483371,ochrophyte,genome,JGI-Phycocosm,2017
144,Ochromonas_sp_CCMP1393,420556,ochrophyte,genome,JGI-Phycocosm,2020
145,Ostreococcus_sp_RCC809,385169,chlorophyte,genome,JGI-Phycocosm,2014
146,Ostreococcus_tauri,70448,chlorophyte,genome,JGI-Phycocosm,2017
147,Ostreococcus_tauri,70448,chlorophyte,genome,JGI-Phycocosm,2014
148,Oxytricha_trifallax,1172189,ciliate,genome,JGI-Phycocosm,2013
149,Paramecium_tetraurelia_d4_2,412030,ciliate,genome,JGI-Phycocosm,2006
150,Paraphysomonas_imperforata,37642,ochrophyte,genome,JGI-Phycocosm,2020
151,Pavlovales_sp_CCMP2436,483367,haptophyte,genome,JGI-Phycocosm,2016
152,Pelagophyceae_sp_CCMP2097,483370,ochrophyte,genome,JGI-Phycocosm,2017
153,Phaeocystis_antarctica,33657,haptophyte,genome,JGI-Phycocosm,2019
154,Phaeocystis_globosa,33658,haptophyte,genome,JGI-Phycocosm,2019
155,Phaeodactylum_tricornutum_CCAP1055,556484,diatom,genome,JGI-Phycocosm,2008
156,Phytophthora_capsici_LT1534,763924,stramenopile,genome,JGI-Phycocosm,2012
157,Phytophthora_cinnamomi,622258,stramenopile,genome,JGI-Phycocosm,2012
158,Phytophthora_infestans_T30-4,403677,stramenopile,genome,JGI-Phycocosm,2009
159,Phytophthora_sojae,67593,stramenopile,genome,JGI-Phycocosm,2006
160,Picochlorum_sp_BH-2019,2601844,chlorophyte,genome,JGI-Phycocosm,2019
161,Picochlorum_soloecismus,2053932,chlorophyte,genome,JGI-Phycocosm,2018
162,Picocystis_sp_ML,2320818,chlorophyte,genome,JGI-Phycocosm,2019
163,Plasmodium_falciparum_3D7,36329,alveolate,genome,JGI-Phycocosm,2002
164,Porphyra_umbilicalis,2786,rhodophyte,genome,JGI-Phycocosm,2017
165,Prasinoderma_coloniale,156133,Viridiplantae,genome,JGI-Phycocosm,2020
166,Pseudo-nitzschia_multiseries_CLN-47,635002,diatom,genome,JGI-Phycocosm,2012
167,Neopyropia_yezoensis,2788,rhodophyte,genome,JGI-Phycocosm,2013
168,Raphidocelis_subcapitata,307507,chlorophyte,genome,JGI-Phycocosm,2018
169,Reticulomyxa_filosa,46433,rhizaria,genome,JGI-Phycocosm,2014
170,Saccharina_japonica,88149,ochrophyte,genome,JGI-Phycocosm,2015
171,Saprolegnia_parasitica_CBS223_65,695850,stramenopile,genome,JGI-Phycocosm,2013
172,Scenedesmus_obliquus,3088,chlorophyte,genome,JGI-Phycocosm,2020
173,Scenedesmus_obliquus,3088,chlorophyte,genome,JGI-Phycocosm,2017
174,Scenedesmus_obliquus,3088,chlorophyte,genome,JGI-Phycocosm,2017
175,Scenedesmus_sp_NREL46B-D3,2650976,chlorophyte,genome,JGI-Phycocosm,2021
176,Schizochytrium_aggregatum_ATCC28209,876976,stramenopile,genome,JGI-Phycocosm,2013
177,Seminavis_robusta,568900,diatom,genome,JGI-Phycocosm,2020
178,Symbiochloris_reticulata,40981,chlorophyte,genome,JGI-Phycocosm,2016
179,Symbiodinium_microadriaticum,2951,dinoflagellate,genome,JGI-Phycocosm,2016
180,Tetrabaena_socialis,47790,chlorophyte,genome,JGI-Phycocosm,2018
181,Tetrahymena_thermophila_SB210,312017,ciliate,genome,JGI-Phycocosm,2006
182,Thalassiosira_oceanica_CCMP1005,637379,diatom,genome,JGI-Phycocosm,2012
183,Thalassiosira_pseudonana_CCMP1335,296543,diatom,genome,JGI-Phycocosm,2004
184,Toxoplasma_gondii_ME49,508771,alveolate,genome,JGI-Phycocosm,2003
185,Trebouxia_sp_A1-2,2608996,chlorophyte,genome,JGI-Phycocosm,2020
186,Tribonema_minus,303371,ochrophyte,genome,JGI-Phycocosm,2021
187,Trichomonas_vaginalis_G3,412133,other,genome,JGI-Phycocosm,2007
188,Trypanosoma_brucei,185431,other,genome,JGI-Phycocosm,2005
189,Ulva_mutabilis,498180,chlorophyte,genome,JGI-Phycocosm,2018
190,Undaria_pinnatifida,74381,ochrophyte,genome,JGI-Phycocosm,2020
191,Vitrella_brassicaformis_CCMP3155,1169540,alveolate,genome,JGI-Phycocosm,2015
192,Volvox_carteri,3067,chlorophyte,genome,JGI-Phycocosm,2010
193,Cephaloidophora_cf_communis,947086,alveolate,TSA,NCBI,2019
194,Acytostelium_subglobosum,361139,amoebozoa,TSA,NCBI,2015
195,Malassezia_globosa,76773,fungus,TSA,NCBI,2007
196,Chrysochromulina_sp_KB-HA01,2802065,haptophyte,TSA,Zenodo,2021
197,Chrysochromulina_sp_AL-TEMP,2802064,haptophyte,TSA,Zenodo,2021
198,Chaetoceros_sp,49240,diatom,TSA,Zenodo,2022
199,Pseudo-nitzschia_sp,1804765,diatom,TSA,Zenodo,2022
200,Crassostrea_gigas,29159,metazoa,genome,NCBI,2020
201,Octopus_bimaculoides,37653,metazoa,genome,NCBI,2015
202,Aplysia_californica,6500,metazoa,genome,NCBI,2013
203,Daphnia_magna,35525,metazoa,genome,NCBI,2021
204,Homarus_americanus,6706,metazoa,genome,NCBI,2021
205,Oikopleura_dioica,34765,metazoa,genome,NCBI,2010
206,Hippoglossus_stenolepis,195615,metazoa,genome,NCBI,2021
207,Tursiops_truncatus,9739,metazoa,genome,NCBI,2020
208,Dibothriocephalus_latus,60516,metazoa,genome,NCBI,2018
209,Opisthorchis_viverrini,6198,metazoa,genome,NCBI,2014
210,Capitella_teleta,283909,metazoa,genome,NCBI,2013
211,Helobdella_robusta,6412,metazoa,genome,NCBI,2012
212,Anisakis_simplex,6269,metazoa,genome,NCBI,2018
213,Trichuris_trichiura,36087,metazoa,genome,NCBI,2014
214,Hydra_vulgaris,6087,metazoa,genome,NCBI,2021
215,Nematostella_vectensis,45351,metazoa,genome,NCBI,2007
216,Apostichopus_japonicus,307972,metazoa,genome,NCBI,2017
217,Strongylocentrotus_purpuratus,7668,metazoa,genome,NCBI,2019
218,Bugula_neritina,10212,metazoa,genome,NCBI,2020
219,Amphimedon_queenslandica,400682,metazoa,genome,NCBI,2010
220,Lingula_anatina,7574,metazoa,genome,NCBI,2018
221,Adineta_ricciae,249248,metazoa,genome,NCBI,2021
222,Diacronema_lutheri,2081491,haptophyte,genome,NCBI,2021
223,Abedinium_folium,2713251,dinoflagellate,SAT,datadryad.org,2020
224,Abedinium_dasypus,763927,dinoflagellate,SAT,datadryad.org,2020
225,Porphyridium_aerugineum,2792,rhodophyte,TSA,MMETSP,2014
226,Diacronema_lutheri,2081491,haptophyte,TSA,MMETSP,2014
227,Odontella_aurita,265563,diatom,TSA,MMETSP,2014
228,Trieres_chinensis,1514140,diatom,TSA,MMETSP,2014
229,Skeletonema_costatum,2843,diatom,TSA,MMETSP,2014
230,Cylindrotheca_closterium,2856,diatom,TSA,MMETSP,2014
231,Nitszchia_sp_RCC80,1606575,diatom,TSA,MMETSP,2014
232,Crypthecodinium_cohnii,2866,dinoflagellate,TSA,MMETSP,2014
233,Crypthecodinium_cohnii,2866,dinoflagellate,TSA,MMETSP,2014
234,Crypthecodinium_cohnii,2866,dinoflagellate,TSA,MMETSP,2014
235,Crypthecodinium_cohnii,2866,dinoflagellate,TSA,MMETSP,2014
236,Cryptomonas_paramecium,2898,cryptophyte,TSA,MMETSP,2014
237,Emiliania_huxleyi,2903,haptophyte,TSA,MMETSP,2014
238,Emiliania_huxleyi,2903,haptophyte,TSA,MMETSP,2014
239,Emiliania_huxleyi,2903,haptophyte,TSA,MMETSP,2014
240,Emiliania_huxleyi,2903,haptophyte,TSA,MMETSP,2014
241,Emiliania_huxleyi,2903,haptophyte,TSA,MMETSP,2014
242,Emiliania_huxleyi,2903,haptophyte,TSA,MMETSP,2014
243,Emiliania_huxleyi,2903,haptophyte,TSA,MMETSP,2014
244,Emiliania_huxleyi,2903,haptophyte,TSA,MMETSP,2014
245,Emiliania_huxleyi,2903,haptophyte,TSA,MMETSP,2014
246,Emiliania_huxleyi,2903,haptophyte,TSA,MMETSP,2014
247,Emiliania_huxleyi,2903,haptophyte,TSA,MMETSP,2014
248,Emiliania_huxleyi,2903,haptophyte,TSA,MMETSP,2014
249,Emiliania_huxleyi,2903,haptophyte,TSA,MMETSP,2014
250,Emiliania_huxleyi,2903,haptophyte,TSA,MMETSP,2014
251,Emiliania_huxleyi,2903,haptophyte,TSA,MMETSP,2014
252,Emiliania_huxleyi,2903,haptophyte,TSA,MMETSP,2014
253,Tripos_fusus,2916,dinoflagellate,TSA,MMETSP,2014
254,Tripos_fusus,2916,dinoflagellate,TSA,MMETSP,2014
255,Thoracosphaera_heimii,2923,dinoflagellate,TSA,MMETSP,2014
256,Alexandrium_catenella,2925,dinoflagellate,TSA,MMETSP,2014
257,Alexandrium_tamarense,2926,dinoflagellate,TSA,MMETSP,2014
258,Alexandrium_tamarense,2926,dinoflagellate,TSA,MMETSP,2014
259,Alexandrium_tamarense,2926,dinoflagellate,TSA,MMETSP,2014
260,Alexandrium_fundyense,2932,dinoflagellate,TSA,MMETSP,2014
261,Alexandrium_fundyense,2932,dinoflagellate,TSA,MMETSP,2014
262,Prorocentrum_micans,2945,dinoflagellate,TSA,MMETSP,2014
263,Amphidinium_carterae,2961,dinoflagellate,TSA,MMETSP,2014
264,Amphidinium_carterae,2961,dinoflagellate,TSA,MMETSP,2014
265,Amphidinium_carterae,2961,dinoflagellate,TSA,MMETSP,2014
266,Noctiluca_scintillans,2966,dinoflagellate,TSA,MMETSP,2014
267,Oxyrrhis_marina,2969,dinoflagellate,TSA,MMETSP,2014
268,Oxyrrhis_marina,2969,dinoflagellate,TSA,MMETSP,2014
269,Oxyrrhis_marina,2969,dinoflagellate,TSA,MMETSP,2014
270,Oxyrrhis_marina,2969,dinoflagellate,TSA,MMETSP,2014
271,Oxyrrhis_marina,2969,dinoflagellate,TSA,MMETSP,2014
272,Oxyrrhis_marina,2969,dinoflagellate,TSA,MMETSP,2014
273,Oxyrrhis_marina,2969,dinoflagellate,TSA,MMETSP,2014
274,Oxyrrhis_marina,2969,dinoflagellate,TSA,MMETSP,2014
275,Oxyrrhis_marina,2969,dinoflagellate,TSA,MMETSP,2014
276,Pyrocystis_lunula,2972,dinoflagellate,TSA,MMETSP,2014
277,Ochromonas_sp_CCMP1899,420557,ochrophyte,TSA,MMETSP,2014
278,Ochromonas_sp_BG-1,1616673,ochrophyte,TSA,MMETSP,2014
279,Mallomonas_sp,2003107,ochrophyte,TSA,MMETSP,2014
280,Rhizosolenia_setigera,3005,diatom,TSA,MMETSP,2014
281,Hanusia_phi,3032,cryptophyte,TSA,MMETSP,2014
282,Dunaliella_tertiolecta,3047,chlorophyte,TSA,MMETSP,2014
283,Dunaliella_tertiolecta,3047,chlorophyte,TSA,MMETSP,2014
284,Dunaliella_tertiolecta,3047,chlorophyte,TSA,MMETSP,2014
285,Chlamydomonas_sp_CCMP681,413974,chlorophyte,TSA,MMETSP,2014
286,Tetraselmis_striata,3165,chlorophyte,TSA,MMETSP,2014
287,Tetraselmis_striata,3165,chlorophyte,TSA,MMETSP,2014
288,Tetraselmis_striata,3165,chlorophyte,TSA,MMETSP,2014
289,Tetraselmis_striata,3165,chlorophyte,TSA,MMETSP,2014
290,Tetraselmis_striata,3165,chlorophyte,TSA,MMETSP,2014
291,Schizochytrium_aggregatum_ATCC28209,876976,stramenopile,TSA,MMETSP,2014
292,Schizochytrium_aggregatum_ATCC28209,876976,stramenopile,TSA,MMETSP,2014
293,Schizochytrium_aggregatum_ATCC28209,876976,stramenopile,TSA,MMETSP,2014
294,Schizochytrium_aggregatum_ATCC28209,876976,stramenopile,TSA,MMETSP,2014
295,Euplotes_crassus,5936,ciliate,TSA,MMETSP,2014
296,Blepharisma_japonicum,5961,ciliate,TSA,MMETSP,2014
297,Chrysotila_carterae,13221,haptophyte,TSA,MMETSP,2014
298,Chrysotila_carterae,13221,haptophyte,TSA,MMETSP,2014
299,Chrysotila_carterae,13221,haptophyte,TSA,MMETSP,2014
300,Ammonia_sp,43993,rhizaria,TSA,MMETSP,2014
301,Chlorarachnion_reptans,29199,cercozoan,TSA,MMETSP,2014
302,Stephanocyclus_meneghinianus,29205,diatom,TSA,MMETSP,2014
303,Goniomonas_sp,1955572,cryptophyte,TSA,MMETSP,2014
304,Compsopogon_caeruleus,31354,rhodophyte,TSA,MMETSP,2014
305,Asterionellopsis_glacialis,33640,diatom,TSA,MMETSP,2014
306,Asterionellopsis_glacialis,33640,diatom,TSA,MMETSP,2014
307,Asterionellopsis_glacialis,33640,diatom,TSA,MMETSP,2014
308,Asterionellopsis_glacialis,33640,diatom,TSA,MMETSP,2014
309,Asterionellopsis_glacialis,33640,diatom,TSA,MMETSP,2014
310,Asterionellopsis_glacialis,33640,diatom,TSA,MMETSP,2014
311,Thalassionema_nitzschioides,33649,diatom,TSA,MMETSP,2014
312,Thalassionema_nitzschioides,33649,diatom,TSA,MMETSP,2014
313,Thalassionema_nitzschioides,33649,diatom,TSA,MMETSP,2014
314,Bicosoecid_sp_CB-2014,1486930,stramenopile,TSA,MMETSP,2014
315,Cafeteria_sp,2621217,stramenopile,TSA,MMETSP,2014
316,Cafeteria_roebergensis,33653,stramenopile,TSA,MMETSP,2014
317,Phaeocystis_sp_CCMP2710,1411682,haptophyte,TSA,MMETSP,2014
318,Phaeocystis_rex,1631189,haptophyte,TSA,MMETSP,2014
319,Phaeocystis_antarctica,33657,haptophyte,TSA,MMETSP,2014
320,Phaeocystis_antarctica,33657,haptophyte,TSA,MMETSP,2014
321,Uronema_marinum,35107,ciliate,TSA,MMETSP,2014
322,Thalassiosira_sp,1891026,diatom,TSA,MMETSP,2014
323,Thalassiosira_sp,1891026,diatom,TSA,MMETSP,2014
324,Pelagomonas_calceolata,35677,ochrophyte,TSA,MMETSP,2014
325,Pelagomonas_calceolata,35677,ochrophyte,TSA,MMETSP,2014
326,Pelagomonas_calceolata,35677,ochrophyte,TSA,MMETSP,2014
327,Pelagomonas_calceolata,35677,ochrophyte,TSA,MMETSP,2014
328,Pelagomonas_calceolata,35677,ochrophyte,TSA,MMETSP,2014
329,Pelagococcus_subviridis,35679,ochrophyte,TSA,MMETSP,2014
330,Pelagococcus_subviridis,35679,ochrophyte,TSA,MMETSP,2014
331,Pelagococcus_subviridis,35679,ochrophyte,TSA,MMETSP,2014
332,Pelagococcus_subviridis,35679,ochrophyte,TSA,MMETSP,2014
333,Pseudopedinella_elastica,35684,ochrophyte,TSA,MMETSP,2014
334,Pseudopedinella_elastica,35684,ochrophyte,TSA,MMETSP,2014
335,Dictyocha_speculum,35687,ochrophyte,TSA,MMETSP,2014
336,Euplotes_focardii,36767,ciliate,TSA,MMETSP,2014
337,Euplotes_focardii,36767,ciliate,TSA,MMETSP,2014
338,Paraphysomonas_bandaiensis,89770,ochrophyte,TSA,MMETSP,2014
339,Paraphysomonas_vestita,36770,ochrophyte,TSA,MMETSP,2014
340,Pyramimonas_obovata,1411642,chlorophyte,TSA,MMETSP,2014
341,Polyblepharides_amylifera,1486889,chlorophyte,TSA,MMETSP,2014
342,Pyramimonas_parkeae,36894,chlorophyte,TSA,MMETSP,2014
343,Pyramimonas_sp,36898,chlorophyte,TSA,MMETSP,2014
344,Isochrysis_sp,40639,haptophyte,TSA,MMETSP,2014
345,Isochrysis_sp,40639,haptophyte,TSA,MMETSP,2014
346,Isochrysis_galbana,37099,haptophyte,TSA,MMETSP,2014
347,Isochrysis_galbana,37099,haptophyte,TSA,MMETSP,2014
348,Isochrysis_galbana,37099,haptophyte,TSA,MMETSP,2014
349,Pseudo-nitzschia_pungens_cingulata,2202556,diatom,TSA,MMETSP,2014
350,Pseudo-nitzschia_pungens_pungens,1001703,diatom,TSA,MMETSP,2014
351,Rosalina_sp,2695917,rhizaria,TSA,MMETSP,2014
352,Paraphysomonas_imperforata,37642,ochrophyte,TSA,MMETSP,2014
353,Paraphysomonas_imperforata,37642,ochrophyte,TSA,MMETSP,2014
354,Gloeochaete_witrockiana,38269,glaucophyte,TSA,MMETSP,2014
355,Gloeochaete_wittrockiana,38269,glaucophyte,TSA,MMETSP,2014
356,Rhodella_violacea,2801,rhodophyte,TSA,MMETSP,2014
357,Rhodella_violacea,2801,rhodophyte,TSA,MMETSP,2014
358,Gephyrocapsa_oceanica,38817,haptophyte,TSA,MMETSP,2014
359,Gephyrocapsa_oceanica,38817,haptophyte,TSA,MMETSP,2014
360,Gephyrocapsa_oceanica,38817,haptophyte,TSA,MMETSP,2014
361,Gephyrocapsa_oceanica,38817,haptophyte,TSA,MMETSP,2014
362,Pteridomonas_danica,38822,ochrophyte,TSA,MMETSP,2014
363,Pteridomonas_danica,38822,ochrophyte,TSA,MMETSP,2014
364,Micromonas_sp_CCMP2099,1442574,chlorophyte,TSA,MMETSP,2014
365,Micromonas_pusilla,38833,chlorophyte,TSA,MMETSP,2014
366,Micromonas_sp_CCMP1646,1659424,chlorophyte,TSA,MMETSP,2014
367,Micromonas_sp,2509521,chlorophyte,TSA,MMETSP,2014
368,Micromonas_sp,2509521,chlorophyte,TSA,MMETSP,2014
369,Micromonas_sp,2509521,chlorophyte,TSA,MMETSP,2014
370,Micromonas_sp,2509521,chlorophyte,TSA,MMETSP,2014
371,Micromonas_sp_CCMP2099,1442574,chlorophyte,TSA,MMETSP,2014
372,Micromonas_sp_CS222,1659427,chlorophyte,TSA,MMETSP,2014
373,Micromonas_sp,2509521,chlorophyte,TSA,MMETSP,2014
374,Micromonas_pusilla,38833,chlorophyte,TSA,MMETSP,2014
375,Micromonas_pusilla,38833,chlorophyte,TSA,MMETSP,2014
376,Micromonas_pusilla,38833,chlorophyte,TSA,MMETSP,2014
377,Micromonas_pusilla,38833,chlorophyte,TSA,MMETSP,2014
378,Heterosigma_akashiwo,2829,Viridiplantae,TSA,MMETSP,2014
379,Heterosigma_akashiwo,2829,Viridiplantae,TSA,MMETSP,2014
380,Heterosigma_akashiwo,2829,Viridiplantae,TSA,MMETSP,2014
381,Heterosigma_akashiwo,2829,Viridiplantae,TSA,MMETSP,2014
382,Gymnodinium_catenatum_GC744,1203019,dinoflagellate,TSA,MMETSP,2014
383,Prorocentrum_lima,39448,dinoflagellate,TSA,MMETSP,2014
384,Prorocentrum_minimum,39449,dinoflagellate,TSA,MMETSP,2014
385,Prorocentrum_minimum,39449,dinoflagellate,TSA,MMETSP,2014
386,Prorocentrum_minimum,39449,dinoflagellate,TSA,MMETSP,2014
387,Prorocentrum_minimum,39449,dinoflagellate,TSA,MMETSP,2014
388,Prorocentrum_minimum,39449,dinoflagellate,TSA,MMETSP,2014
389,Prorocentrum_minimum,39449,dinoflagellate,TSA,MMETSP,2014
390,Prorocentrum_minimum,39449,dinoflagellate,TSA,MMETSP,2014
391,Alexandrium_minutum,39455,dinoflagellate,TSA,MMETSP,2014
392,Condylostoma_magnum,40633,ciliate,TSA,MMETSP,2014
393,Isochrysis_sp,40639,haptophyte,TSA,MMETSP,2014
394,Isochrysis_sp,40639,haptophyte,TSA,MMETSP,2014
395,Isochrysis_sp,40639,haptophyte,TSA,MMETSP,2014
396,Isochrysis_sp,40639,haptophyte,TSA,MMETSP,2014
397,Bathycoccus_prasinos,41875,chlorophyte,TSA,MMETSP,2014
398,Bathycoccus_prasinos,41875,chlorophyte,TSA,MMETSP,2014
399,Chloropicon_roscoffensis,1461544,chlorophyte,TSA,MMETSP,2014
400,Pycnococcus_provasolii,41880,chlorophyte,TSA,MMETSP,2014
401,Pycnococcus_provasolii,41880,chlorophyte,TSA,MMETSP,2014
402,Pycnococcus_provasolii,41880,chlorophyte,TSA,MMETSP,2014
403,Pycnococcus_provasolii,41880,chlorophyte,TSA,MMETSP,2014
404,Pelagodinium_beii,43686,dinoflagellate,TSA,MMETSP,2014
405,Aureococcus_anophagefferens,44056,ochrophyte,TSA,MMETSP,2014
406,Aureococcus_anophagefferens,44056,ochrophyte,TSA,MMETSP,2014
407,Aureococcus_anophagefferens,44056,ochrophyte,TSA,MMETSP,2014
408,Aureococcus_anophagefferens,44056,ochrophyte,TSA,MMETSP,2014
409,Aureoumbra_lagunensis,44058,ochrophyte,TSA,MMETSP,2014
410,Aureoumbra_lagunensis,44058,ochrophyte,TSA,MMETSP,2014
411,Aureoumbra_lagunensis,44058,ochrophyte,TSA,MMETSP,2014
412,Aureoumbra_lagunensis,44058,ochrophyte,TSA,MMETSP,2014
413,Chattonella_subsalsa,44440,ochrophyte,TSA,MMETSP,2014
414,Chattonella_subsalsa,44440,ochrophyte,TSA,MMETSP,2014
415,Chattonella_subsalsa,44440,ochrophyte,TSA,MMETSP,2014
416,Chattonella_subsalsa,44440,ochrophyte,TSA,MMETSP,2014
417,Pseudo-nitzschia_australis,44445,diatom,TSA,MMETSP,2014
418,Pseudo-nitzschia_australis,44445,diatom,TSA,MMETSP,2014
419,Pseudo-nitzschia_australis,44445,diatom,TSA,MMETSP,2014
420,Pseudo-nitzschia_australis,44445,diatom,TSA,MMETSP,2014
421,Pseudo-nitzschia_delicatissima,44447,diatom,TSA,MMETSP,2014
422,Pseudo-nitzschia_delicatissima,44447,diatom,TSA,MMETSP,2014
423,Pavlova_gyrans,44452,haptophyte,TSA,MMETSP,2014
424,Chloropicon_primus,1764295,chlorophyte,TSA,MMETSP,2014
425,Anophryoides_haemophila,46462,ciliate,TSA,MMETSP,2014
426,Anophryoides_haemophila,46462,ciliate,TSA,MMETSP,2014
427,Geminigera_sp,2864123,cryptophyte,TSA,MMETSP,2014
428,Geminigera_cryophila_CCMP2564,1202989,cryptophyte,TSA,MMETSP,2014
429,Rhodomonas_abbreviata,46948,cryptophyte,TSA,MMETSP,2014
430,Dinophysis_acuminata,47934,dinoflagellate,TSA,MMETSP,2014
431,Chaetoceros_sp_UNC1202,1537840,diatom,TSA,MMETSP,2014
432,Ditylum_brightwellii,49249,diatom,TSA,MMETSP,2014
433,Ditylum_brightwellii,49249,diatom,TSA,MMETSP,2014
434,Ditylum_brightwellii,49249,diatom,TSA,MMETSP,2014
435,Ditylum_brightwellii,49249,diatom,TSA,MMETSP,2014
436,Ditylum_brightwellii,49249,diatom,TSA,MMETSP,2014
437,Ditylum_brightwellii,49249,diatom,TSA,MMETSP,2014
438,Ditylum_brightwellii,49249,diatom,TSA,MMETSP,2014
439,Ditylum_brightwellii,49249,diatom,TSA,MMETSP,2014
440,Ditylum_brightwellii,49249,diatom,TSA,MMETSP,2014
441,Eucampia_antarctica,49252,diatom,TSA,MMETSP,2014
442,Thalassiosira_rotula,49265,diatom,TSA,MMETSP,2014
443,Thalassiosira_rotula,49265,diatom,TSA,MMETSP,2014
444,Thalassiosira_rotula,49265,diatom,TSA,MMETSP,2014
445,Thalassiosira_rotula,49265,diatom,TSA,MMETSP,2014
446,Thalassiosira_rotula,49265,diatom,TSA,MMETSP,2014
447,Thalassiosira_rotula,49265,diatom,TSA,MMETSP,2014
448,Climacostomum_virens,49980,ciliate,TSA,MMETSP,2014
449,Polytomella_parva,51329,chlorophyte,TSA,MMETSP,2014
450,Rhodomonas_salina,52970,cryptophyte,TSA,MMETSP,2014
451,Sarcinochrysis_sp_CCMP770,1411683,ochrophyte,TSA,MMETSP,2014
452,Tetraselmis_chuii,63592,chlorophyte,TSA,MMETSP,2014
453,Percolomonas_cosmopolitus,63605,other,TSA,MMETSP,2014
454,Percolomonas_cosmopolitus,63605,other,TSA,MMETSP,2014
455,Heterocapsa_triquestra,66468,dinoflagellate,TSA,MMETSP,2014
456,Gonyaulax_spinifera,66791,dinoflagellate,TSA,MMETSP,2014
457,Conticribra_weissflogii,1577725,diatom,TSA,MMETSP,2014
458,Conticribra_weissflogii,1577725,diatom,TSA,MMETSP,2014
459,Conticribra_weissflogii,1577725,diatom,TSA,MMETSP,2014
460,Conticribra_weissflogii,1577725,diatom,TSA,MMETSP,2014
461,Conticribra_weissflogii,1577725,diatom,TSA,MMETSP,2014
462,Conticribra_weissflogii,1577725,diatom,TSA,MMETSP,2014
463,Conticribra_weissflogii,1577725,diatom,TSA,MMETSP,2014
464,Conticribra_weissflogii,1577725,diatom,TSA,MMETSP,2014
465,Conticribra_weissflogii,1577725,diatom,TSA,MMETSP,2014
466,Conticribra_weissflogii,1577725,diatom,TSA,MMETSP,2014
467,Conticribra_weissflogii,1577725,diatom,TSA,MMETSP,2014
468,Conticribra_weissflogii,1577725,diatom,TSA,MMETSP,2014
469,Conticribra_weissflogii,1577725,diatom,TSA,MMETSP,2014
470,Conticribra_weissflogii,1577725,diatom,TSA,MMETSP,2014
471,Conticribra_weissflogii,1577725,diatom,TSA,MMETSP,2014
472,Conticribra_weissflogii,1577725,diatom,TSA,MMETSP,2014
473,Conticribra_weissflogii,1577725,diatom,TSA,MMETSP,2014
474,Conticribra_weissflogii,1577725,diatom,TSA,MMETSP,2014
475,Conticribra_weissflogii,1577725,diatom,TSA,MMETSP,2014
476,Conticribra_weissflogii,1577725,diatom,TSA,MMETSP,2014
477,Conticribra_weissflogii,1577725,diatom,TSA,MMETSP,2014
478,Conticribra_weissflogii,1577725,diatom,TSA,MMETSP,2014
479,Conticribra_weissflogii,1577725,diatom,TSA,MMETSP,2014
480,Conticribra_weissflogii,1577725,diatom,TSA,MMETSP,2014
481,Conticribra_weissflogii,1577725,diatom,TSA,MMETSP,2014
482,Conticribra_weissflogii,1577725,diatom,TSA,MMETSP,2014
483,Scrippsiella_trochoidea,71861,dinoflagellate,TSA,MMETSP,2014
484,Scrippsiella_trochoidea,71861,dinoflagellate,TSA,MMETSP,2014
485,Scrippsiella_trochoidea,71861,dinoflagellate,TSA,MMETSP,2014
486,Prymnesium_polylepis,72548,haptophyte,TSA,MMETSP,2014
487,Prymnesium_polylepis,72548,haptophyte,TSA,MMETSP,2014
488,Prymnesium_polylepis,72548,haptophyte,TSA,MMETSP,2014
489,Prymnesium_polylepis,72548,haptophyte,TSA,MMETSP,2014
490,Prymnesium_polylepis,72548,haptophyte,TSA,MMETSP,2014
491,Eutreptiella_gymnastica,73025,other,TSA,MMETSP,2014
492,Eutreptiella_gymnastica_sp_CCMP1594,1867818,other,TSA,MMETSP,2014
493,Eutreptiella_gymnastica_sp_CCMP1594,1867818,other,TSA,MMETSP,2014
494,Eutreptiella_gymnastica_sp_CCMP1594,1867818,other,TSA,MMETSP,2014
495,Pyrodinium_bahamense,73915,dinoflagellate,TSA,MMETSP,2014
496,Cyanoptyche_gloeocystis,77922,glaucophyte,TSA,MMETSP,2014
497,Hemiselmis_rufescens,77926,cryptophyte,TSA,MMETSP,2014
498,Hemiselmis_virescens,77927,cryptophyte,TSA,MMETSP,2014
499,Proteomonas_sulcata,77928,cryptophyte,TSA,MMETSP,2014
500,Acanthoeca_sp,2618734,choanoflagellate,TSA,MMETSP,2014
501,Acanthoeca_sp,2618734,choanoflagellate,TSA,MMETSP,2014
502,Mantoniella_antarctica,81844,chlorophyte,TSA,MMETSP,2014
503,Detonula_confervacea,83371,diatom,TSA,MMETSP,2014
504,Aurantiochytrium_limacinum_ATCC_MYA-1381,717989,fungus,TSA,MMETSP,2014
505,Aurantiochytrium_limacinum_ATCC_MYA-1381,717989,fungus,TSA,MMETSP,2014
506,Aurantiochytrium_limacinum_ATCC_MYA-1381,717989,fungus,TSA,MMETSP,2014
507,Aurantiochytrium_limacinum_ATCC_MYA-1381,717989,fungus,TSA,MMETSP,2014
508,Picocystis_salinarum,88271,chlorophyte,TSA,MMETSP,2014
509,Picocystis_salinarum,88271,chlorophyte,TSA,MMETSP,2014
510,Amoebophrya_sp,88552,dinoflagellate,TSA,MMETSP,2014
511,Spumella_elongata,89044,ochrophyte,TSA,MMETSP,2014
512,Polarella_glacialis,89957,dinoflagellate,TSA,MMETSP,2014
513,Polarella_glacialis,89957,dinoflagellate,TSA,MMETSP,2014
514,Heterocapsa_rotundata,89963,dinoflagellate,TSA,MMETSP,2014
515,Lotharella_globosa,91324,cercozoan,TSA,MMETSP,2014
516,Lotharella_globosa,91324,cercozoan,TSA,MMETSP,2014
517,Lotharella_globosa,91324,cercozoan,TSA,MMETSP,2014
518,Norrisiella_sphaerica,552664,cercozoan,TSA,MMETSP,2014
519,Bolidomonas_sp_RCC2347,1606585,ochrophyte,TSA,MMETSP,2014
520,Bolidomonas_sp_RCC1657,1411661,ochrophyte,TSA,MMETSP,2014
521,Triparma_pacifica,91992,ochrophyte,TSA,MMETSP,2014
522,Fibrocapsa_japonica,94617,ochrophyte,TSA,MMETSP,2014
523,Vannella_sp,1973054,amoebozoa,TSA,MMETSP,2014
524,Vannella_robusta,1487602,amoebozoa,TSA,MMETSP,2014
525,unclassified_Labyrinthulomycetes_QPX,96639,stramenopile,TSA,MMETSP,2014
526,unclassified_Labyrinthulomycetes_QPX,96639,stramenopile,TSA,MMETSP,2014
527,unclassified_Labyrinthulomycetes_QPX,96639,stramenopile,TSA,MMETSP,2014
528,unclassified_Labyrinthulomycetes_QPX,96639,stramenopile,TSA,MMETSP,2014
529,Chromulina_nebulosa,96789,ochrophyte,TSA,MMETSP,2014
530,Prymnesium_parvum,97485,haptophyte,TSA,MMETSP,2014
531,Prymnesium_parvum,97485,haptophyte,TSA,MMETSP,2014
532,Prymnesium_parvum,97485,haptophyte,TSA,MMETSP,2014
533,Prymnesium_parvum,97485,haptophyte,TSA,MMETSP,2014
534,Prymnesium_parvum,97485,haptophyte,TSA,MMETSP,2014
535,Prymnesium_parvum,97485,haptophyte,TSA,MMETSP,2014
536,Dicrateria_rotunda,2703868,haptophyte,TSA,MMETSP,2014
537,Dinobryon_sp,1955563,ochrophyte,TSA,MMETSP,2014
538,Dinobryon_sp,1955563,ochrophyte,TSA,MMETSP,2014
539,Dinobryon_sp,1955563,ochrophyte,TSA,MMETSP,2014
540,unclassified_eukaryote,100272,other,TSA,MMETSP,2014
541,Rhodosorus_marinus,101924,rhodophyte,TSA,MMETSP,2014
542,Rhodosorus_marinus,101924,rhodophyte,TSA,MMETSP,2014
543,Symbiodinium_kawagutii,104179,dinoflagellate,TSA,MMETSP,2014
544,Alexandrium_margalefi,109239,dinoflagellate,TSA,MMETSP,2014
545,Vaucheria_litorea,109269,ochrophyte,TSA,MMETSP,2014
546,Vaucheria_litorea,109269,ochrophyte,TSA,MMETSP,2014
547,Pelagophyceae_sp_RCC1024,464228,ochrophyte,TSA,MMETSP,2014
548,Phaeocystis_cordata,118079,haptophyte,TSA,MMETSP,2014
549,Exanthemachrysis_gayraliae,119497,haptophyte,TSA,MMETSP,2014
550,Chaetoceros_debilis,122233,diatom,TSA,MMETSP,2014
551,Chaetoceros_debilis,122233,diatom,TSA,MMETSP,2014
552,Phaeomonas_parva,124430,ochrophyte,TSA,MMETSP,2014
553,Sorites_sp,126664,rhizaria,TSA,MMETSP,2014
554,Calcidiscus_leptoporus,127549,haptophyte,TSA,MMETSP,2014
555,Protoceratium_reticulatum,133427,dinoflagellate,TSA,MMETSP,2014
556,Cercozoa_sp,1980070,cercozoan,TSA,MMETSP,2014
557,Cercozoa_sp,1980070,cercozoan,TSA,MMETSP,2014
558,Filamoeba_nolandi,136452,amoebozoa,TSA,MMETSP,2014
559,Strombidinopsis_acuminatum,141414,ciliate,TSA,MMETSP,2014
560,Akashiwo_sanguinea,143672,dinoflagellate,TSA,MMETSP,2014
561,Euplotes_harpa,151035,ciliate,TSA,MMETSP,2014
562,Nephroselmis_pyriformis,156128,chlorophyte,TSA,MMETSP,2014
563,Prasinococcus_capsulatus,156131,chlorophyte,TSA,MMETSP,2014
564,Prasinoderma_coloniale,156133,Viridiplantae,TSA,MMETSP,2014
565,Haptolina_brevifila,156173,haptophyte,TSA,MMETSP,2014
566,Haptolina_ericina,156174,haptophyte,TSA,MMETSP,2014
567,Karenia_brevis,156230,dinoflagellate,TSA,MMETSP,2014
568,Karenia_brevis,156230,dinoflagellate,TSA,MMETSP,2014
569,Karenia_brevis,156230,dinoflagellate,TSA,MMETSP,2014
570,Karenia_brevis,156230,dinoflagellate,TSA,MMETSP,2014
571,Karenia_brevis,156230,dinoflagellate,TSA,MMETSP,2014
572,Karenia_brevis,156230,dinoflagellate,TSA,MMETSP,2014
573,Karenia_brevis,156230,dinoflagellate,TSA,MMETSP,2014
574,Karenia_brevis,156230,dinoflagellate,TSA,MMETSP,2014
575,Karenia_brevis,156230,dinoflagellate,TSA,MMETSP,2014
576,Karenia_brevis,156230,dinoflagellate,TSA,MMETSP,2014
577,Karenia_brevis,156230,dinoflagellate,TSA,MMETSP,2014
578,Karenia_brevis,156230,dinoflagellate,TSA,MMETSP,2014
579,Thalassiosira_oceanica_CCMP1005,637379,diatom,TSA,MMETSP,2014
580,Thalassiosira_oceanica_CCMP1005,637379,diatom,TSA,MMETSP,2014
581,Thalassiosira_oceanica_CCMP1005,637379,diatom,TSA,MMETSP,2014
582,Thalassiosira_oceanica_CCMP1005,637379,diatom,TSA,MMETSP,2014
583,Amphidinium_massartii,160604,dinoflagellate,TSA,MMETSP,2014
584,Kryptoperidinium_foliaceum,160619,dinoflagellate,TSA,MMETSP,2014
585,Kryptoperidinium_foliaceum,160619,dinoflagellate,TSA,MMETSP,2014
586,Kryptoperidinium_foliaceum,160619,dinoflagellate,TSA,MMETSP,2014
587,Kryptoperidinium_foliaceum,160619,dinoflagellate,TSA,MMETSP,2014
588,Lingulodinium_polyedrum,160621,dinoflagellate,TSA,MMETSP,2014
589,Lingulodinium_polyedrum,160621,dinoflagellate,TSA,MMETSP,2014
590,Lingulodinium_polyedrum,160621,dinoflagellate,TSA,MMETSP,2014
591,Lingulodinium_polyedrum,160621,dinoflagellate,TSA,MMETSP,2014
592,Cyclotella_striata,382364,diatom,TSA,MMETSP,2014
593,Leptocylindrus_danicus,163516,diatom,TSA,MMETSP,2014
594,Leptocylindrus_danicus,163516,diatom,TSA,MMETSP,2014
595,Amorphochlora_amoebiformis,1561963,cercozoan,TSA,MMETSP,2014
596,Pinguiococcus_pyrenoidosus,172671,ochrophyte,TSA,MMETSP,2014
597,Triparma_eleuthera,172717,ochrophyte,TSA,MMETSP,2014
598,Symbiodinium_sp_CCMP421,174948,dinoflagellate,TSA,MMETSP,2014
599,Paramoeba_aestuarina,180227,amoebozoa,TSA,MMETSP,2014
600,Strombidinopsis_sp,181622,ciliate,TSA,MMETSP,2014
601,Favella_ehrenbergii,182087,ciliate,TSA,MMETSP,2014
602,Pseudo-nitzschia_fraudulenta,183588,diatom,TSA,MMETSP,2014
603,Pseudo-nitzschia_fraudulenta,183588,diatom,TSA,MMETSP,2014
604,Pseudo-nitzschia_fraudulenta,183588,diatom,TSA,MMETSP,2014
605,Pseudo-nitzschia_fraudulenta,183588,diatom,TSA,MMETSP,2014
606,Thalassionema_frauenfeldii,186022,diatom,TSA,MMETSP,2014
607,Fragilariopsis_kerguelensis,186038,diatom,TSA,MMETSP,2014
608,Fragilariopsis_kerguelensis,186038,diatom,TSA,MMETSP,2014
609,Fragilariopsis_kerguelensis,186038,diatom,TSA,MMETSP,2014
610,Fragilariopsis_kerguelensis,186038,diatom,TSA,MMETSP,2014
611,Fragilariopsis_kerguelensis,186038,diatom,TSA,MMETSP,2014
612,Fragilariopsis_kerguelensis,186038,diatom,TSA,MMETSP,2014
613,Fragilariopsis_kerguelensis,186038,diatom,TSA,MMETSP,2014
614,Fragilariopsis_kerguelensis,186038,diatom,TSA,MMETSP,2014
615,Entomoneis_sp_CCMP2396,1462468,diatom,TSA,MMETSP,2014
616,uncultured_ciliate,187299,ciliate,TSA,MMETSP,2014
617,Heterocapsa_arctica,192219,dinoflagellate,TSA,MMETSP,2014
618,Chroomonas_mesostigmatica,195065,cryptophyte,TSA,MMETSP,2014
619,Goniomonas_pacifica,195067,cryptophyte,TSA,MMETSP,2014
620,Goniomonas_pacifica,195067,cryptophyte,TSA,MMETSP,2014
621,Crustomastix_stigmata,195967,chlorophyte,TSA,MMETSP,2014
622,Dolichomastix_tenuilepis,195969,chlorophyte,TSA,MMETSP,2014
623,Strombidium_inclinatum,197538,ciliate,TSA,MMETSP,2014
624,Paramoeba_atlantica,1077153,amoebozoa,TSA,MMETSP,2014
625,Aulacoseira_subarctica,202472,diatom,TSA,MMETSP,2014
626,Grammatophora_oceanica,210454,diatom,TSA,MMETSP,2014
627,Staurosira_sp,2884791,diatom,TSA,MMETSP,2014
628,Striatella_unipunctata,210618,diatom,TSA,MMETSP,2014
629,Lessardia_elongata,210733,dinoflagellate,TSA,MMETSP,2014
630,Aplanochytrium_stocchinoi,215587,stramenopile,TSA,MMETSP,2014
631,Aplanochytrium_stocchinoi,215587,stramenopile,TSA,MMETSP,2014
632,Aplanochytrium_stocchinoi,215587,stramenopile,TSA,MMETSP,2014
633,Aplanochytrium_stocchinoi,215587,stramenopile,TSA,MMETSP,2014
634,Corethron_hystrix,216773,diatom,TSA,MMETSP,2014
635,Proboscia_alata,216777,diatom,TSA,MMETSP,2014
636,Proboscia_alata,216777,diatom,TSA,MMETSP,2014
637,Cyclophora_tenuis,216820,diatom,TSA,MMETSP,2014
638,Skeletonema_menzelii,216823,diatom,TSA,MMETSP,2014
639,Skeletonema_menzelii,216823,diatom,TSA,MMETSP,2014
640,Vexillifera_abyssalis,2301597,amoebozoa,TSA,MMETSP,2014
641,Corethron_pennatum,218684,diatom,TSA,MMETSP,2014
642,Corethron_pennatum,218684,diatom,TSA,MMETSP,2014
643,Coccolithus_braarudii,221442,haptophyte,TSA,MMETSP,2014
644,Protocruzia_adherens,223996,ciliate,TSA,MMETSP,2014
645,Chlamydomonas_chlamydogama,225041,chlorophyte,TSA,MMETSP,2014
646,Bigelowiella_natans,227086,cercozoan,TSA,MMETSP,2014
647,Bigelowiella_natans,227086,cercozoan,TSA,MMETSP,2014
648,Bigelowiella_natans,227086,cercozoan,TSA,MMETSP,2014
649,Bigelowiella_natans,227086,cercozoan,TSA,MMETSP,2014
650,Chaetoceros_curvisetus,230516,diatom,TSA,MMETSP,2014
651,Chaetoceros_curvisetus,230516,diatom,TSA,MMETSP,2014
652,Symbiodinium_sp_Mp,230996,dinoflagellate,TSA,MMETSP,2014
653,Symbiodinium_sp_Mp,230996,dinoflagellate,TSA,MMETSP,2014
654,Symbiodinium_sp_Mp,230996,dinoflagellate,TSA,MMETSP,2014
655,Symbiodinium_sp_Mp,230996,dinoflagellate,TSA,MMETSP,2014
656,Cryptomonas_curvata,233186,cryptophyte,TSA,MMETSP,2014
657,Florenciella_sp_RCC1587,1411684,ochrophyte,TSA,MMETSP,2014
658,Florenciella_sp_RCC1587,464225,ochrophyte,TSA,MMETSP,2014
659,Florenciella_parvula,236787,ochrophyte,TSA,MMETSP,2014
660,Florenciella_parvula,236787,ochrophyte,TSA,MMETSP,2014
661,Chaetoceros_neogracilis,240364,diatom,TSA,MMETSP,2014
662,Chaetoceros_neogracilis,240364,diatom,TSA,MMETSP,2014
663,Chaetoceros_neogracilis,240364,diatom,TSA,MMETSP,2014
664,Chaetoceros_neogracilis,240364,diatom,TSA,MMETSP,2014
666,Mayorella_sp_JJP-2003,242541,amoebozoa,TSA,MMETSP,2014
667,Picochlorum_oklahomensis,249345,chlorophyte,TSA,MMETSP,2014
668,Chrysoculter_rhomboideus,259385,haptophyte,TSA,MMETSP,2014
669,Minchinia_chitonis,262233,rhizaria,TSA,MMETSP,2014
670,Amphiprora_sp,2608610,diatom,TSA,MMETSP,2014
671,Amphiprora_sp,2608610,diatom,TSA,MMETSP,2014
672,Amphiprora_sp,2608610,diatom,TSA,MMETSP,2014
673,Amphiprora_sp,2608610,diatom,TSA,MMETSP,2014
674,Amphiprora_sp,2608610,diatom,TSA,MMETSP,2014
675,Minutocellus_polymorphus,265543,diatom,TSA,MMETSP,2014
676,Minutocellus_polymorphus,265543,diatom,TSA,MMETSP,2014
677,Minutocellus_polymorphus,265543,diatom,TSA,MMETSP,2014
678,Synedropsis_recta,265551,diatom,TSA,MMETSP,2014
679,Amphora_coffeaeformis,265554,diatom,TSA,MMETSP,2014
680,Amphora_coffeaeformis,265554,diatom,TSA,MMETSP,2014
681,Amphora_coffeaeformis,265554,diatom,TSA,MMETSP,2014
682,Thalassiosira_punctigera,265564,diatom,TSA,MMETSP,2014
683,Extubocellulus_spinifer,265572,diatom,TSA,MMETSP,2014
684,Extubocellulus_spinifer,265572,diatom,TSA,MMETSP,2014
685,Extubocellulus_spinifer,265572,diatom,TSA,MMETSP,2014
686,Extubocellulus_spinifer,265572,diatom,TSA,MMETSP,2014
687,Stauroneis_constricta,265584,diatom,TSA,MMETSP,2014
688,Skeletonema_grethea,267565,diatom,TSA,MMETSP,2014
689,Skeletonema_dohrnii,267566,diatom,TSA,MMETSP,2014
690,Skeletonema_dohrnii,267566,diatom,TSA,MMETSP,2014
691,Skeletonema_marinoi,267567,diatom,TSA,MMETSP,2014
692,Skeletonema_marinoi,267567,diatom,TSA,MMETSP,2014
693,Skeletonema_marinoi,267567,diatom,TSA,MMETSP,2014
694,Skeletonema_marinoi,267567,diatom,TSA,MMETSP,2014
695,Skeletonema_marinoi,267567,diatom,TSA,MMETSP,2014
696,Skeletonema_marinoi,267567,diatom,TSA,MMETSP,2014
697,Skeletonema_marinoi,267567,diatom,TSA,MMETSP,2014
698,Skeletonema_japonicum,267983,diatom,TSA,MMETSP,2014
699,Apocalathium_aciculiferum,268820,dinoflagellate,TSA,MMETSP,2014
700,Apocalathium_aciculiferum,268820,dinoflagellate,TSA,MMETSP,2014
701,Scrippsiella_hangoei,268821,dinoflagellate,TSA,MMETSP,2014
702,Scrippsiella_hangoei,268821,dinoflagellate,TSA,MMETSP,2014
703,Scrippsiella_hangoei,268821,dinoflagellate,TSA,MMETSP,2014
704,Mesodinium_pulex,283647,ciliate,TSA,MMETSP,2014
705,Mesodinium_rubrum_CCMP2563,1203004,ciliate,TSA,MMETSP,2014
706,Debaryomyces_hansenii_CBS767,284592,fungus,TSA,MMETSP,2014
707,Debaryomyces_hansenii_CBS767,284592,fungus,TSA,MMETSP,2014
708,Debaryomyces_hansenii_CBS767,284592,fungus,TSA,MMETSP,2014
709,Debaryomyces_hansenii_CBS767,284592,fungus,TSA,MMETSP,2014
710,Chrysocystis_fragilis,1411660,ochrophyte,TSA,MMETSP,2014
711,Togula_jolla,285029,dinoflagellate,TSA,MMETSP,2014
712,Gyrodinium_dominans,285985,dinoflagellate,TSA,MMETSP,2014
713,Cladocopium_sp_C1,2558453,dinoflagellate,TSA,MMETSP,2014
714,Cladocopium_sp_C1,2558453,dinoflagellate,TSA,MMETSP,2014
715,Pavlova_sp_CCMP459,298111,haptophyte,TSA,MMETSP,2014
716,Pavlova_sp_CCMP459,298111,haptophyte,TSA,MMETSP,2014
717,Pavlova_sp_CCMP459,298111,haptophyte,TSA,MMETSP,2014
718,Rhodomonas_sp,302021,cryptophyte,TSA,MMETSP,2014
719,Rhodomonas_sp,302021,cryptophyte,TSA,MMETSP,2014
720,Pseudokeronopsis_sp,1634380,ciliate,TSA,MMETSP,2014
721,Pseudokeronopsis_sp,1634380,ciliate,TSA,MMETSP,2014
722,Alexandrium_monilatum,311494,dinoflagellate,TSA,MMETSP,2014
723,Alexandrium_monilatum,311494,dinoflagellate,TSA,MMETSP,2014
724,Alexandrium_monilatum,311494,dinoflagellate,TSA,MMETSP,2014
725,Alexandrium_monilatum,311494,dinoflagellate,TSA,MMETSP,2014
726,Neobodo_designis,312471,other,TSA,MMETSP,2014
727,Perkinsus_chesapeaki_ATCC_PRA-65,321610,alveolate,TSA,MMETSP,2014
728,Chlamydomonas_sp_CCMP219,327068,chlorophyte,TSA,MMETSP,2014
729,Alexandrium_andersonii,327968,dinoflagellate,TSA,MMETSP,2014
730,Lankesteria_abbottii,340204,alveolate,TSA,MMETSP,2014
731,Fabrea_salina,342563,ciliate,TSA,MMETSP,2014
732,Chromerida_sp_RM11,348535,alveolate,TSA,MMETSP,2014
733,Rhodomonas_lens,354590,cryptophyte,TSA,MMETSP,2014
734,Helicotheca_tamensis,374047,diatom,TSA,MMETSP,2014
735,Cladocopium_sp_C15,377605,dinoflagellate,TSA,MMETSP,2014
736,Cladocopium_sp_C15,377605,dinoflagellate,TSA,MMETSP,2014
737,Thalassiosira_miniscula,385413,diatom,TSA,MMETSP,2014
738,Thalassiosira_miniscula,385413,diatom,TSA,MMETSP,2014
739,Thalassiosira_miniscula,385413,diatom,TSA,MMETSP,2014
740,Thalassiosira_miniscula,385413,diatom,TSA,MMETSP,2014
741,Durinskia_baltica,400756,dinoflagellate,TSA,MMETSP,2014
742,Durinskia_baltica,400756,dinoflagellate,TSA,MMETSP,2014
743,Karlodinium_micrum,407301,dinoflagellate,TSA,MMETSP,2014
744,Karlodinium_micrum,407301,dinoflagellate,TSA,MMETSP,2014
745,Karlodinium_micrum,407301,dinoflagellate,TSA,MMETSP,2014
746,Chrysochromulina_rotalis,412157,haptophyte,TSA,MMETSP,2014
747,Scyphosphaera_apsteinii,418940,haptophyte,TSA,MMETSP,2014
748,Thalassiosira_gravida,420259,diatom,TSA,MMETSP,2014
749,Thalassiosira_gravida,420259,diatom,TSA,MMETSP,2014
750,Thalassiosira_gravida,420259,diatom,TSA,MMETSP,2014
751,Thalassiosira_antarctica,420261,diatom,TSA,MMETSP,2014
752,Thalassiosira_antarctica,420261,diatom,TSA,MMETSP,2014
753,Thalassiosira_antarctica,420261,diatom,TSA,MMETSP,2014
754,Thalassiosira_antarctica,420261,diatom,TSA,MMETSP,2014
755,Attheya_septentrionalis,420275,diatom,TSA,MMETSP,2014
756,Proboscia_inermis,420281,diatom,TSA,MMETSP,2014
757,Ochromonas_sp_CCMP1393,420556,ochrophyte,TSA,MMETSP,2014
758,Ochromonas_sp_CCMP1393,420556,ochrophyte,TSA,MMETSP,2014
759,Chaetoceros_dichaeta,420782,diatom,TSA,MMETSP,2014
760,Chaetoceros_affinis,426623,diatom,TSA,MMETSP,2014
761,Chaetoceros_affinis,426623,diatom,TSA,MMETSP,2014
762,Chaetoceros_affinis,426623,diatom,TSA,MMETSP,2014
763,Chaetoceros_affinis,426623,diatom,TSA,MMETSP,2014
764,Chaetoceros_brevis,426625,diatom,TSA,MMETSP,2014
765,Gambierdiscus_australes,439317,dinoflagellate,TSA,MMETSP,2014
766,Scrippsiella_hangoei,447022,dinoflagellate,TSA,MMETSP,2014
767,Scrippsiella_hangoei,447022,dinoflagellate,TSA,MMETSP,2014
768,Scrippsiella_hangoei,447022,dinoflagellate,TSA,MMETSP,2014
769,Symbiodinium_sp_D1a,462645,dinoflagellate,TSA,MMETSP,2014
770,Chloroparvula_japonica,1411623,chlorophyte,TSA,MMETSP,2014
771,Chloropicon_mariensis,1606511,chlorophyte,TSA,MMETSP,2014
772,Chloropicon_laureae,464258,chlorophyte,TSA,MMETSP,2014
773,Chloropicon_roscoffensis,1461544,chlorophyte,TSA,MMETSP,2014
774,Picochlorum_sp_RCC944,464278,chlorophyte,TSA,MMETSP,2014
775,Hemiselmis_andersenii,464988,cryptophyte,TSA,MMETSP,2014
776,Hemiselmis_andersenii,464988,cryptophyte,TSA,MMETSP,2014
777,Hemiselmis_andersenii,464988,cryptophyte,TSA,MMETSP,2014
778,Hemiselmis_andersenii,464988,cryptophyte,TSA,MMETSP,2014
779,Hemiselmis_tepida,464990,cryptophyte,TSA,MMETSP,2014
780,Pseudo-nitzschia_heimii,476441,diatom,TSA,MMETSP,2014
781,Pavlovales_sp_CCMP2436,483367,haptophyte,TSA,MMETSP,2014
782,Pavlovales_sp_CCMP2436,483367,haptophyte,TSA,MMETSP,2014
783,Pavlovales_sp_CCMP2436,483367,haptophyte,TSA,MMETSP,2014
784,Pavlovales_sp_CCMP2436,483367,haptophyte,TSA,MMETSP,2014
785,Pedinellales_sp_CCMP2098,483369,ochrophyte,TSA,MMETSP,2014
786,Pedinellales_sp_CCMP2098,483369,ochrophyte,TSA,MMETSP,2014
787,Pedinellales_sp_CCMP2098,483369,ochrophyte,TSA,MMETSP,2014
788,Pedinellales_sp_CCMP2098,483369,ochrophyte,TSA,MMETSP,2014
789,Pelagophyceae_sp_CCMP2097,483370,ochrophyte,TSA,MMETSP,2014
790,Pelagophyceae_sp_CCMP2097,483370,ochrophyte,TSA,MMETSP,2014
791,Pelagophyceae_sp_CCMP2097,483370,ochrophyte,TSA,MMETSP,2014
792,Pelagophyceae_sp_CCMP2097,483370,ochrophyte,TSA,MMETSP,2014
793,Ochromonadaceae_sp_CCMP2298,483371,ochrophyte,TSA,MMETSP,2014
794,Ochromonadaceae_sp_CCMP2298,483371,ochrophyte,TSA,MMETSP,2014
795,Ochromonadaceae_sp_CCMP2298,483371,ochrophyte,TSA,MMETSP,2014
796,Ochromonadaceae_sp_CCMP2298,483371,ochrophyte,TSA,MMETSP,2014
797,Aristerstoma_sp_ATCC50986,485358,ciliate,TSA,MMETSP,2014
798,Pessonella_sp_PRA-29,498008,amoebozoa,TSA,MMETSP,2014
799,Trichosphaerium_sp_ATCC40318,498012,amoebozoa,TSA,MMETSP,2014
800,Chromera_velia_CCMP2878,1169474,alveolate,TSA,MMETSP,2014
801,Licmophora_paradoxa,515479,diatom,TSA,MMETSP,2014
802,Stephanopyxis_turris,515487,diatom,TSA,MMETSP,2014
803,Heterosigma_akashiwo_CCMP452,536046,ochrophyte,TSA,MMETSP,2014
804,Heterosigma_akashiwo_CCMP452,536046,ochrophyte,TSA,MMETSP,2014
805,Heterosigma_akashiwo_CCMP452,536046,ochrophyte,TSA,MMETSP,2014
806,Heterosigma_akashiwo_CCMP452,536046,ochrophyte,TSA,MMETSP,2014
807,Heterosigma_akashiwo_NIES-293,536047,ochrophyte,TSA,MMETSP,2014
808,Heterosigma_akashiwo_NIES-293,536047,ochrophyte,TSA,MMETSP,2014
809,Heterosigma_akashiwo_NIES-293,536047,ochrophyte,TSA,MMETSP,2014
810,Heterosigma_akashiwo_NIES-293,536047,ochrophyte,TSA,MMETSP,2014
811,Heterosigma_akashiwo_NIES-293,536047,ochrophyte,TSA,MMETSP,2014
812,Heterosigma_akashiwo_NIES-293,536047,ochrophyte,TSA,MMETSP,2014
813,Ostreococcus_mediterraneus,1486918,chlorophyte,TSA,MMETSP,2014
814,Ostreococcus_mediterraneus,1486918,chlorophyte,TSA,MMETSP,2014
815,Ostreococcus_mediterraneus,1486918,chlorophyte,TSA,MMETSP,2014
816,Bathycoccus_prasinos,41875,chlorophyte,TSA,MMETSP,2014
817,Ostreococcus_mediterraneus,1486918,chlorophyte,TSA,MMETSP,2014
818,Ostreococcus_mediterraneus,1486918,chlorophyte,TSA,MMETSP,2014
819,Ostreococcus_mediterraneus,1486918,chlorophyte,TSA,MMETSP,2014
820,Ostreococcus_lucimarinus,242159,chlorophyte,TSA,MMETSP,2014
821,Bigelowiella_longifila,552665,cercozoan,TSA,MMETSP,2014
822,Partenskyella_glossopodia,552666,cercozoan,TSA,MMETSP,2014
823,Tetraselmis_sp_GSL018,582737,chlorophyte,TSA,MMETSP,2014
824,Schmidingerella_taraikaensis,626734,ciliate,TSA,MMETSP,2014
825,Schmidingerella_taraikaensis,626734,ciliate,TSA,MMETSP,2014
826,Aplanochytrium_sp_PBS07,627963,stramenopile,TSA,MMETSP,2014
827,Aplanochytrium_sp_PBS07,627963,stramenopile,TSA,MMETSP,2014
828,Aplanochytrium_sp_PBS07,627963,stramenopile,TSA,MMETSP,2014
829,Aplanochytrium_sp_PBS07,627963,stramenopile,TSA,MMETSP,2014
830,Gymnochlora_sp_CCMP2014,629695,cercozoan,TSA,MMETSP,2014
831,Symbiodinium_sp_CCMP2430,631057,dinoflagellate,TSA,MMETSP,2014
832,Symbiodinium_sp_CCMP2430,631057,dinoflagellate,TSA,MMETSP,2014
833,Symbiodinium_sp_CCMP2430,631057,dinoflagellate,TSA,MMETSP,2014
834,Azadinium_spinosum,632150,dinoflagellate,TSA,MMETSP,2014
835,Azadinium_spinosum,632150,dinoflagellate,TSA,MMETSP,2014
836,Azadinium_spinosum,632150,dinoflagellate,TSA,MMETSP,2014
837,Lotharella_oceanica,641309,cercozoan,TSA,MMETSP,2014
838,Palpitomonas_bilix,652834,other,TSA,MMETSP,2014
839,Litonotus_pictus,665100,ciliate,TSA,MMETSP,2014
840,Coscinodiscus_wailesii,671091,diatom,TSA,MMETSP,2014
841,Prasinoderma_singulare,676789,Viridiplantae,TSA,MMETSP,2014
842,Tiarina_fusus,693140,ciliate,TSA,MMETSP,2014
843,Cryptophyta_sp_CCMP2293,697907,cryptophyte,TSA,MMETSP,2014
844,Cryptophyta_sp_CCMP2293,697907,cryptophyte,TSA,MMETSP,2014
845,Cryptophyta_sp_CCMP2293,697907,cryptophyte,TSA,MMETSP,2014
846,Cryptophyta_sp_CCMP2293,697907,cryptophyte,TSA,MMETSP,2014
847,Pseudo-nitzschia_arenysensis,697910,diatom,TSA,MMETSP,2014
848,Timspurckia_oligopyrenoides,708627,rhodophyte,TSA,MMETSP,2014
849,Erythrolobus_madagascarensis,708628,rhodophyte,TSA,MMETSP,2014
850,Bigelowiella_natans_CCMP2755,753081,cercozoan,TSA,MMETSP,2014
851,Madagascaria_erythrocladiodes,753684,rhodophyte,TSA,MMETSP,2014
852,Guillardia_theta_CCMP2712,905079,cryptophyte,TSA,MMETSP,2014
853,Tryblionella_compressa,913974,diatom,TSA,MMETSP,2014
854,Tryblionella_compressa,913974,diatom,TSA,MMETSP,2014
855,Tryblionella_compressa,913974,diatom,TSA,MMETSP,2014
856,Tryblionella_compressa,913974,diatom,TSA,MMETSP,2014
857,Elphidium_margaritaceum,933848,rhizaria,TSA,MMETSP,2014
858,Platyophrya_macrostoma,938130,ciliate,TSA,MMETSP,2014
859,Chaetoceros_sp_GSL56,947934,diatom,TSA,MMETSP,2014
860,Symbiodinium_sp_cladeA,993574,dinoflagellate,TSA,MMETSP,2014
861,Pseudictyota_dubia,2749911,diatom,TSA,MMETSP,2014
862,Perkinsus_marinus_ATCC_50439,1032511,alveolate,TSA,MMETSP,2014
863,Chlamydomonas_leiostraca,1034604,chlorophyte,TSA,MMETSP,2014
864,Rhizochromulina_marina,1034831,ochrophyte,TSA,MMETSP,2014
865,Stygamoeba_regulata,1042828,amoebozoa,TSA,MMETSP,2014
866,Thalassiothrix_antarctica,1049557,diatom,TSA,MMETSP,2014
867,Thalassiothrix_antarctica,1049557,diatom,TSA,MMETSP,2014
868,Tetraselmis_astigmatica,1074897,chlorophyte,TSA,MMETSP,2014
869,Erythrolobus_australicus,1077150,rhodophyte,TSA,MMETSP,2014
870,Stereomyxa_ramosa,1078864,amoebozoa,TSA,MMETSP,2014
871,Strombidium_rassoulzadegani,1082188,ciliate,TSA,MMETSP,2014
872,Chrysoreinhardia_sp,2972369,ochrophyte,TSA,MMETSP,2014
873,Chrysoreinhardia_sp_CCMP2950,1411690,ochrophyte,TSA,MMETSP,2014
874,Thraustochytrium_LLF1b,1112570,stramenopile,TSA,MMETSP,2014
875,Thraustochytrium_LLF1b,1112570,stramenopile,TSA,MMETSP,2014
876,Dactyliosolen_fragilissimus,1118495,diatom,TSA,MMETSP,2014
877,Mamiellophyceae_sp_RCC2288,1155430,chlorophyte,TSA,MMETSP,2014
878,Astrosyne_radiata,1158023,diatom,TSA,MMETSP,2014
879,Vitrella_brassicaformis_CCMP3155,1169540,alveolate,TSA,MMETSP,2014
880,Synchroma_pusillum,1181717,ochrophyte,TSA,MMETSP,2014
881,Brandtodinium_nutriculum,1333877,dinoflagellate,TSA,MMETSP,2014
882,Pterosperma_sp_CCMP1384,1461541,chlorophyte,TSA,MMETSP,2014
883,Chloropicon_maureeniae,1461542,chlorophyte,TSA,MMETSP,2014
884,Chloropicon_roscoffensis,1461544,chlorophyte,TSA,MMETSP,2014
885,Chloropicon_roscoffensis,1461544,chlorophyte,TSA,MMETSP,2014
886,Mantoniella_sp_CCMP1436,1461545,chlorophyte,TSA,MMETSP,2014
887,Chloropicon_roscoffensis,1461544,chlorophyte,TSA,MMETSP,2014
888,Stichococcus_sp_RCC1054,1461547,chlorophyte,TSA,MMETSP,2014
889,Pelagophyceae_sp_CCMP2135,1462469,ochrophyte,TSA,MMETSP,2014
890,Craspedostauros_australis,1486917,diatom,TSA,MMETSP,2014
891,Sexangularia_sp,2624257,amoebozoa,TSA,MMETSP,2014